id	sample_type	organism_name	organism_taxid	tissue_name	tissue_id	cell_name	cell_type_id	cell_strain_name	cell_strain_id	cell_component_name	cell_component_id	assay_name	assay_ontology_term_id	development_stage	development_stage_ontology_term_id	disease	disease_ontology_term_id	title	domain	Cellosaurus ID	Cellosaurus Name	Status
10000	primary_cell_culture	Schizosaccharomyces pombe 972h-	284812	vegetative cell (sensu Fungi)	CL:0000334	vegetative cell (sensu Fungi)	CL:0000334	Schizosaccharomyces pombe 972h-	NCBITaxon:284812	not_reported	not_reported	microscopy assay	EFO:0002909	unknown	unknown	normal	PATO:0000461	S. pombe cells with defocus	eukarya			Complete
10001	primary_cell_culture	Schizosaccharomyces pombe 972h-	284812	vegetative cell (sensu Fungi)	CL:0000334	vegetative cell (sensu Fungi)	CL:0000334	Schizosaccharomyces pombe 972h-	NCBITaxon:284812	not_reported	not_reported	microscopy assay	EFO:0002909	unknown	unknown	normal	PATO:0000461	S. pombe cells from Volta Phase Plate	eukarya			Complete
10002	cell_line	Homo sapiens	9606	retinal pigment epithelial cell	CL:0002586	retinal pigment epithelial cell	CL:0002586	hTERT-RPE1	CVCL_4388	not_reported	not_reported	microscopy assay	EFO:0002909	unknown	unknown	normal	PATO:0000461	RPE1 cytosol with actin stress fiber	eukarya			Complete
10003	primary_cell_culture	Mycoplasmoides pneumoniae M129	272634	prokaryotic cell	CL:0000520	prokaryotic cell	CL:0000520	Mycoplasmoides pneumoniae M129	NCBITaxon:272634	not_reported	not_reported	microscopy assay	EFO:0002909	unknown	unknown	normal	PATO:0000461	70S ribosome with chloramphenicol	prokarya			Complete
10004	organism	Caenorhabditis elegans	6239	organism	WBbt:0007833	not_reported	not_reported	NK2476	WBStrain00050783	not_reported	not_reported	microscopy assay	EFO:0002909	C. elegans life stage occurring during L1 larval stage	WBls:0000818	normal	PATO:0000461	C. Elegans from Serial Lift-Out – Sampling the Molecular Anatomy of Whole Organisms	eukarya			Complete
10005	primary_cell_culture	Mus musculus	10090	sperm	CL:0000019	sperm	CL:0000019	C57BI/6J	not_reported	sperm flagellum	GO:0036126	microscopy assay	EFO:0002909	unknown	unknown	normal	PATO:0000461	Microtubule doublet from mouse sperm	unknown			Complete
10006	virus	Severe acute respiratory syndrome coronavirus 2	2697049	not_reported	not_reported	not_reported	not_reported	Germany/BavPat1/2020	not_reported	virion component	GO:0044423	microscopy assay	EFO:0002909	unknown	unknown	normal	PATO:0000461	Severe acute respiratory syndrome coronavirus 2	virus			Complete
10007	primary_cell_culture	Saccharomyces cerevisiae	4932	vegetative cell (sensu Fungi)	CL:0000334	vegetative cell (sensu Fungi)	CL:0000334	not_reported	not_reported	not_reported	not_reported	microscopy assay	EFO:0002909	unknown	unknown	normal	PATO:0000461	S. cerevisiae	unknown			Complete
10008	primary_cell_culture	Thermoanaerobacter kivui	2325	cell	CL:0000000	cell	CL:0000000	LKT-1	not_reported	not_reported	not_reported	microscopy assay	EFO:0002909	unknown	unknown	normal	PATO:0000461	Hydrogen-dependent CO2 reductase	prokarya			Complete
10009	primary_cell_culture	Chlamydomonas reinhardtii	3055	eukaryotic cell	CL:0000255	eukaryotic cell	CL:0000255	mat3-4	CC-3994	cilium	GO:0005929	microscopy assay	EFO:0002909	unknown	unknown	normal	PATO:0000461	C. reinhardtii ciliary transition zone	eukarya			Complete
10010	cell_line	Mus musculus	10090	embryonic fibroblast	CL:2000042	embryonic fibroblast	CL:2000042	Wt MEFs	CVCL_L690	mitochondrial outer membrane	GO:0005741	microscopy assay	EFO:0002909	unknown	unknown	normal	PATO:0000461	Organellar membranes	eukarya			Complete
10014	organelle	Dolichospermum flos-aquae	315271	prokaryotic cell	CL:0000520	prokaryotic cell	CL:0000520	CCAP 1403/13F	not_reported	gas vesicle	GO:0031411	microscopy assay	EFO:0002909	unknown	unknown	normal	PATO:0000461	D. flos-aquae Ana GVs (WT)	prokarya			Complete
10015	organelle	Dolichospermum flos-aquae	315271	prokaryotic cell	CL:0000520	prokaryotic cell	CL:0000520	CCAP 1403/13F	not_reported	gas vesicle	GO:0031411	microscopy assay	EFO:0002909	unknown	unknown	normal	PATO:0000461	D. flos-aquae Ana GVs delGvpC	prokarya			Complete
10016	organelle	Dolichospermum flos-aquae	315271	prokaryotic cell	CL:0000520	prokaryotic cell	CL:0000520	CCAP 1403/13F	not_reported	gas vesicle	GO:0031411	microscopy assay	EFO:0002909	unknown	unknown	normal	PATO:0000461	D. flos-aquae AnaGV (wt)	prokarya			Complete
10017	organelle	Dolichospermum flos-aquae	315271	prokaryotic cell	CL:0000520	prokaryotic cell	CL:0000520	CCAP 1403/13F	not_reported	gas vesicle	GO:0031411	microscopy assay	EFO:0002909	unknown	unknown	normal	PATO:0000461	D. flos-aquae Gas Vesicles	prokarya			Complete
10018	organelle	Dolichospermum flos-aquae	315271	prokaryotic cell	CL:0000520	prokaryotic cell	CL:0000520	CCAP 1403/13F	not_reported	gas vesicle	GO:0031411	microscopy assay	EFO:0002909	unknown	unknown	normal	PATO:0000461	D. flos-aquae GV DNA clusters	prokarya			Complete
10019	organelle	Dolichospermum flos-aquae	315271	prokaryotic cell	CL:0000520	prokaryotic cell	CL:0000520	CCAP 1403/13F	not_reported	gas vesicle	GO:0031411	microscopy assay	EFO:0002909	unknown	unknown	normal	PATO:0000461	D. flos-aquae GV calcium clusters	prokarya			Complete
10020	organelle	Dolichospermum flos-aquae	315271	prokaryotic cell	CL:0000520	prokaryotic cell	CL:0000520	CCAP 1403/13F	not_reported	gas vesicle	GO:0031411	microscopy assay	EFO:0002909	unknown	unknown	normal	PATO:0000461	D. flos-aquae wtAnaGV (phase plate)	prokarya			Complete
10021	primary_cell_culture	Halothiobacillus neapolitanus	555778	prokaryotic cell	CL:0000520	prokaryotic cell	CL:0000520	c2	not_reported	not_reported	not_reported	microscopy assay	EFO:0002909	unknown	unknown	normal	PATO:0000461	H. neapolitanus Carboxysomes	prokarya			Complete
10022	primary_cell_culture	Gluconacetobacter hansenii	714995	prokaryotic cell	CL:0000520	prokaryotic cell	CL:0000520	ATCC 23769	not_reported	not_reported	not_reported	microscopy assay	EFO:0002909	unknown	unknown	normal	PATO:0000461	G. hansenii Cellulose patch?	prokarya			Complete
10023	primary_cell_culture	Gluconacetobacter hansenii	714995	prokaryotic cell	CL:0000520	prokaryotic cell	CL:0000520	ATCC 23769	not_reported	not_reported	not_reported	microscopy assay	EFO:0002909	unknown	unknown	normal	PATO:0000461	G. hansenii bio12-2	prokarya			Complete
10024	primary_cell_culture	Gluconacetobacter hansenii	714995	prokaryotic cell	CL:0000520	prokaryotic cell	CL:0000520	ATCC 23769	not_reported	not_reported	not_reported	microscopy assay	EFO:0002909	unknown	unknown	normal	PATO:0000461	G. hansenii bio13-4	prokarya			Complete
10025	primary_cell_culture	Gluconacetobacter hansenii	714995	prokaryotic cell	CL:0000520	prokaryotic cell	CL:0000520	ATCC 23769	not_reported	not_reported	not_reported	microscopy assay	EFO:0002909	unknown	unknown	normal	PATO:0000461	G. hansenii bio3-1	prokarya			Complete
10026	primary_cell_culture	Gluconacetobacter hansenii	714995	prokaryotic cell	CL:0000520	prokaryotic cell	CL:0000520	ATCC 23769	not_reported	not_reported	not_reported	microscopy assay	EFO:0002909	unknown	unknown	normal	PATO:0000461	G. hansenii bio4-2	prokarya			Complete
10027	primary_cell_culture	Gluconacetobacter hansenii	714995	prokaryotic cell	CL:0000520	prokaryotic cell	CL:0000520	ATCC 23769	not_reported	not_reported	not_reported	microscopy assay	EFO:0002909	unknown	unknown	normal	PATO:0000461	G. hansenii bio9-2	prokarya			Complete
10028	primary_cell_culture	Gluconacetobacter hansenii	714995	prokaryotic cell	CL:0000520	prokaryotic cell	CL:0000520	ATCC 23769	not_reported	not_reported	not_reported	microscopy assay	EFO:0002909	unknown	unknown	normal	PATO:0000461	G. hansenii gh2-2	prokarya			Complete
10029	primary_cell_culture	Gluconacetobacter hansenii	714995	prokaryotic cell	CL:0000520	prokaryotic cell	CL:0000520	ATCC 23769	not_reported	not_reported	not_reported	microscopy assay	EFO:0002909	unknown	unknown	normal	PATO:0000461	G. hansenii gh2-4	prokarya			Complete
10030	primary_cell_culture	Gluconacetobacter hansenii	714995	prokaryotic cell	CL:0000520	prokaryotic cell	CL:0000520	ATCC 23769	not_reported	not_reported	not_reported	microscopy assay	EFO:0002909	unknown	unknown	normal	PATO:0000461	G. hansenii gh5-4	prokarya			Complete
10031	primary_cell_culture	Gluconacetobacter hansenii	714995	prokaryotic cell	CL:0000520	prokaryotic cell	CL:0000520	ATCC 23769	not_reported	not_reported	not_reported	microscopy assay	EFO:0002909	unknown	unknown	normal	PATO:0000461	G. hansenii gh6-3	prokarya			Complete
10032	primary_cell_culture	Gluconacetobacter hansenii	714995	prokaryotic cell	CL:0000520	prokaryotic cell	CL:0000520	ATCC 23769	not_reported	not_reported	not_reported	microscopy assay	EFO:0002909	unknown	unknown	normal	PATO:0000461	G. hansenii gh7-2	prokarya			Complete
10033	primary_cell_culture	Gluconacetobacter hansenii	714995	prokaryotic cell	CL:0000520	prokaryotic cell	CL:0000520	ATCC 23769	not_reported	not_reported	not_reported	microscopy assay	EFO:0002909	unknown	unknown	normal	PATO:0000461	G. hansenii gh7-3	prokarya			Complete
10034	primary_cell_culture	Gluconacetobacter hansenii	714995	prokaryotic cell	CL:0000520	prokaryotic cell	CL:0000520	ATCC 23769	not_reported	not_reported	not_reported	microscopy assay	EFO:0002909	unknown	unknown	normal	PATO:0000461	G. hansenii gh9-1	prokarya			Complete
10035	primary_cell_culture	Gluconacetobacter hansenii	714995	prokaryotic cell	CL:0000520	prokaryotic cell	CL:0000520	ATCC 23769	not_reported	not_reported	not_reported	microscopy assay	EFO:0002909	unknown	unknown	normal	PATO:0000461	G. hansenii gh9-3	prokarya			Complete
10036	primary_cell_culture	Gluconacetobacter hansenii	714995	prokaryotic cell	CL:0000520	prokaryotic cell	CL:0000520	ATCC 23769	not_reported	not_reported	not_reported	microscopy assay	EFO:0002909	unknown	unknown	normal	PATO:0000461	G. hansenii wn16-4	prokarya			Complete
10037	primary_cell_culture	Gluconacetobacter hansenii	714995	prokaryotic cell	CL:0000520	prokaryotic cell	CL:0000520	ATCC 23769	not_reported	not_reported	not_reported	microscopy assay	EFO:0002909	unknown	unknown	normal	PATO:0000461	G. hansenii wn19-2	prokarya			Complete
10038	primary_cell_culture	Pseudomonas aeruginosa	287	prokaryotic cell	CL:0000520	prokaryotic cell	CL:0000520	not_reported	not_reported	not_reported	not_reported	microscopy assay	EFO:0002909	unknown	unknown	normal	PATO:0000461	P_aeruginosa_PA14_DfliF_Krios	prokarya			Complete
10039	primary_cell_culture	Pseudomonas aeruginosa	287	prokaryotic cell	CL:0000520	prokaryotic cell	CL:0000520	not_reported	not_reported	not_reported	not_reported	microscopy assay	EFO:0002909	unknown	unknown	normal	PATO:0000461	Paeruginosa_dfliG	prokarya			Complete
10040	primary_cell_culture	Pseudomonas aeruginosa	287	prokaryotic cell	CL:0000520	prokaryotic cell	CL:0000520	not_reported	not_reported	not_reported	not_reported	microscopy assay	EFO:0002909	unknown	unknown	normal	PATO:0000461	Pseudomonas aeruginosa	prokarya			Complete
10041	primary_cell_culture	Pseudomonas aeruginosa	287	prokaryotic cell	CL:0000520	prokaryotic cell	CL:0000520	not_reported	not_reported	not_reported	not_reported	microscopy assay	EFO:0002909	unknown	unknown	normal	PATO:0000461	Pseudomonas aeruginosa_JT2944	prokarya			Complete
10042	primary_cell_culture	Pseudomonas aeruginosa	287	prokaryotic cell	CL:0000520	prokaryotic cell	CL:0000520	not_reported	not_reported	not_reported	not_reported	microscopy assay	EFO:0002909	unknown	unknown	normal	PATO:0000461	Pseudomonas_aeruginosa_DfliP	prokarya			Complete
10043	primary_cell_culture	Helicobacter pylori	85962	prokaryotic cell	CL:0000520	prokaryotic cell	CL:0000520	26695	not_reported	not_reported	not_reported	microscopy assay	EFO:0002909	unknown	unknown	normal	PATO:0000461	H-pylori_dFliM_GC	prokarya			Complete
10044	primary_cell_culture	Helicobacter pylori	85962	prokaryotic cell	CL:0000520	prokaryotic cell	CL:0000520	26695	not_reported	not_reported	not_reported	microscopy assay	EFO:0002909	unknown	unknown	normal	PATO:0000461	H_pylori_dFliO_GC	prokarya			Complete
10045	primary_cell_culture	Helicobacter pylori	85962	prokaryotic cell	CL:0000520	prokaryotic cell	CL:0000520	26695	not_reported	not_reported	not_reported	microscopy assay	EFO:0002909	unknown	unknown	normal	PATO:0000461	Helicobacter_pylori_dFlgs	prokarya			Complete
10046	primary_cell_culture	Helicobacter pylori	85962	prokaryotic cell	CL:0000520	prokaryotic cell	CL:0000520	26695	not_reported	not_reported	not_reported	microscopy assay	EFO:0002909	unknown	unknown	normal	PATO:0000461	Helicobacter_pylori_dFliG	prokarya			Complete
10047	primary_cell_culture	Helicobacter pylori	85962	prokaryotic cell	CL:0000520	prokaryotic cell	CL:0000520	26695	not_reported	not_reported	not_reported	microscopy assay	EFO:0002909	unknown	unknown	normal	PATO:0000461	Helicobacter_pylori_dFliO	prokarya			Complete
10048	primary_cell_culture	Helicobacter pylori	85962	prokaryotic cell	CL:0000520	prokaryotic cell	CL:0000520	26695	not_reported	not_reported	not_reported	microscopy assay	EFO:0002909	unknown	unknown	normal	PATO:0000461	Hpylori_dFliF_FISE	prokarya			Complete
10049	primary_cell_culture	Helicobacter pylori	85962	prokaryotic cell	CL:0000520	prokaryotic cell	CL:0000520	26695	not_reported	not_reported	not_reported	microscopy assay	EFO:0002909	unknown	unknown	normal	PATO:0000461	Hpylori_dFliM	prokarya			Complete
10050	primary_cell_culture	Helicobacter pylori	85962	prokaryotic cell	CL:0000520	prokaryotic cell	CL:0000520	26695	not_reported	not_reported	not_reported	microscopy assay	EFO:0002909	unknown	unknown	normal	PATO:0000461	Hpylori_dflgS	prokarya			Complete
10051	primary_cell_culture	Helicobacter pylori	85962	prokaryotic cell	CL:0000520	prokaryotic cell	CL:0000520	26695	not_reported	not_reported	not_reported	microscopy assay	EFO:0002909	unknown	unknown	normal	PATO:0000461	Hpylori_dfliG	prokarya			Complete
10052	primary_cell_culture	Helicobacter pylori	85962	prokaryotic cell	CL:0000520	prokaryotic cell	CL:0000520	26695	not_reported	not_reported	not_reported	microscopy assay	EFO:0002909	unknown	unknown	normal	PATO:0000461	Hpylori_dfliQ	prokarya			Complete
10053	primary_cell_culture	Coxiella burnetii	777	prokaryotic cell	CL:0000520	prokaryotic cell	CL:0000520	Nine Mile phase II clone 4	not_reported	not_reported	not_reported	microscopy assay	EFO:0002909	unknown	unknown	normal	PATO:0000461	Coxiella burnetii_DeltaDotIcm_D5	prokarya			Complete
10054	primary_cell_culture	Coxiella burnetii	777	prokaryotic cell	CL:0000520	prokaryotic cell	CL:0000520	Nine Mile phase II clone 4	not_reported	not_reported	not_reported	microscopy assay	EFO:0002909	unknown	unknown	normal	PATO:0000461	Coxiella burnetii_wt	prokarya			Complete
10055	primary_cell_culture	Coxiella burnetii	777	prokaryotic cell	CL:0000520	prokaryotic cell	CL:0000520	Nine Mile phase II clone 4	not_reported	not_reported	not_reported	microscopy assay	EFO:0002909	unknown	unknown	normal	PATO:0000461	Coxiella burnetii_wt_D15	prokarya			Complete
10056	primary_cell_culture	Coxiella burnetii	777	prokaryotic cell	CL:0000520	prokaryotic cell	CL:0000520	Nine Mile phase II clone 4	not_reported	not_reported	not_reported	microscopy assay	EFO:0002909	unknown	unknown	normal	PATO:0000461	C. burnetii Coxiella_ Verocells_28dpi	prokarya			Complete
10057	primary_cell_culture	Coxiella burnetii	777	prokaryotic cell	CL:0000520	prokaryotic cell	CL:0000520	Nine Mile phase II clone 4	not_reported	not_reported	not_reported	microscopy assay	EFO:0002909	unknown	unknown	normal	PATO:0000461	Coxiella_burnetii_ wtACCMD_pH4d5	prokarya			Complete
10058	primary_cell_culture	Legionella pneumophila	1080311	prokaryotic cell	CL:0000520	prokaryotic cell	CL:0000520	Philadelphia-1_Lp02	not_reported	not_reported	not_reported	microscopy assay	EFO:0002909	unknown	unknown	normal	PATO:0000461	L. pneumophila	prokarya			Complete
10059	primary_cell_culture	Legionella pneumophila	1080311	prokaryotic cell	CL:0000520	prokaryotic cell	CL:0000520	Philadelphia-1_Lp02	not_reported	not_reported	not_reported	microscopy assay	EFO:0002909	unknown	unknown	normal	PATO:0000461	L. pneumophila CR2715_Janelia	prokarya			Complete
10060	primary_cell_culture	Legionella pneumophila	1080311	prokaryotic cell	CL:0000520	prokaryotic cell	CL:0000520	Philadelphia-1_Lp02	not_reported	not_reported	not_reported	microscopy assay	EFO:0002909	unknown	unknown	normal	PATO:0000461	Fixed-Legionella_pneumophila	prokarya			Complete
10061	primary_cell_culture	Legionella pneumophila	1080311	prokaryotic cell	CL:0000520	prokaryotic cell	CL:0000520	Philadelphia-1_Lp02	not_reported	not_reported	not_reported	microscopy assay	EFO:0002909	unknown	unknown	normal	PATO:0000461	L. pneumophila JV1180_∆dotUF	prokarya			Complete
10062	primary_cell_culture	Legionella pneumophila	1080311	prokaryotic cell	CL:0000520	prokaryotic cell	CL:0000520	Philadelphia-1_Lp02	not_reported	not_reported	not_reported	microscopy assay	EFO:0002909	unknown	unknown	normal	PATO:0000461	L. pneumophila JV1181	prokarya			Complete
10063	primary_cell_culture	Legionella pneumophila	1080311	prokaryotic cell	CL:0000520	prokaryotic cell	CL:0000520	Philadelphia-1_Lp02	not_reported	not_reported	not_reported	microscopy assay	EFO:0002909	unknown	unknown	normal	PATO:0000461	L. pneumophila JV1644 Legionella thyA ∆dotO	prokarya			Complete
10064	primary_cell_culture	Legionella pneumophila	1080311	prokaryotic cell	CL:0000520	prokaryotic cell	CL:0000520	Philadelphia-1_Lp02	not_reported	not_reported	not_reported	microscopy assay	EFO:0002909	unknown	unknown	normal	PATO:0000461	L. pneumophila JV2067	prokarya			Complete
10065	primary_cell_culture	Legionella pneumophila	1080311	prokaryotic cell	CL:0000520	prokaryotic cell	CL:0000520	Philadelphia-1_Lp02	not_reported	not_reported	not_reported	microscopy assay	EFO:0002909	unknown	unknown	normal	PATO:0000461	L. pneumophila JV2422	prokarya			Complete
10066	primary_cell_culture	Legionella pneumophila	1080311	prokaryotic cell	CL:0000520	prokaryotic cell	CL:0000520	Philadelphia-1_Lp02	not_reported	not_reported	not_reported	microscopy assay	EFO:0002909	unknown	unknown	normal	PATO:0000461	L. pneumophila JV3559_Janelia	prokarya			Complete
10067	primary_cell_culture	Legionella pneumophila	1080311	prokaryotic cell	CL:0000520	prokaryotic cell	CL:0000520	Philadelphia-1_Lp02	not_reported	not_reported	not_reported	microscopy assay	EFO:0002909	unknown	unknown	normal	PATO:0000461	L. pneumophila JV3559_inPolara	prokarya			Complete
10068	primary_cell_culture	Legionella pneumophila	1080311	prokaryotic cell	CL:0000520	prokaryotic cell	CL:0000520	Philadelphia-1_Lp02	not_reported	not_reported	not_reported	microscopy assay	EFO:0002909	unknown	unknown	normal	PATO:0000461	L. pneumophila JV3563	prokarya			Complete
10069	primary_cell_culture	Legionella pneumophila	1080311	prokaryotic cell	CL:0000520	prokaryotic cell	CL:0000520	Philadelphia-1_Lp02	not_reported	not_reported	not_reported	microscopy assay	EFO:0002909	unknown	unknown	normal	PATO:0000461	L. pneumophila JV3572	prokarya			Complete
10070	primary_cell_culture	Legionella pneumophila	1080311	prokaryotic cell	CL:0000520	prokaryotic cell	CL:0000520	Philadelphia-1_Lp02	not_reported	not_reported	not_reported	microscopy assay	EFO:0002909	unknown	unknown	normal	PATO:0000461	L. pneumophila JV3579_Polara_Mag27.5	prokarya			Complete
10071	primary_cell_culture	Legionella pneumophila	1080311	prokaryotic cell	CL:0000520	prokaryotic cell	CL:0000520	Philadelphia-1_Lp02	not_reported	not_reported	not_reported	microscopy assay	EFO:0002909	unknown	unknown	normal	PATO:0000461	L. pneumophila JV3579_inPolara	prokarya			Complete
10072	primary_cell_culture	Legionella pneumophila	1080311	prokaryotic cell	CL:0000520	prokaryotic cell	CL:0000520	Philadelphia-1_Lp02	not_reported	not_reported	not_reported	microscopy assay	EFO:0002909	unknown	unknown	normal	PATO:0000461	L. pneumophila JV3588_∆dotK	prokarya			Complete
10073	primary_cell_culture	Legionella pneumophila	1080311	prokaryotic cell	CL:0000520	prokaryotic cell	CL:0000520	Philadelphia-1_Lp02	not_reported	not_reported	not_reported	microscopy assay	EFO:0002909	unknown	unknown	normal	PATO:0000461	L. pneumophila JV4404_delDot.Icm_Lp02	prokarya			Complete
10074	primary_cell_culture	Legionella pneumophila	1080311	prokaryotic cell	CL:0000520	prokaryotic cell	CL:0000520	Philadelphia-1_Lp02	not_reported	not_reported	not_reported	microscopy assay	EFO:0002909	unknown	unknown	normal	PATO:0000461	L. pneumophila JV5443	prokarya			Complete
10075	primary_cell_culture	Legionella pneumophila	1080311	prokaryotic cell	CL:0000520	prokaryotic cell	CL:0000520	Philadelphia-1_Lp02	not_reported	not_reported	not_reported	microscopy assay	EFO:0002909	unknown	unknown	normal	PATO:0000461	L. pneumophila JV5460	prokarya			Complete
10076	primary_cell_culture	Legionella pneumophila	1080311	prokaryotic cell	CL:0000520	prokaryotic cell	CL:0000520	Philadelphia-1_Lp02	not_reported	not_reported	not_reported	microscopy assay	EFO:0002909	unknown	unknown	normal	PATO:0000461	L. pneumophila JV6781_∆dotLOB	prokarya			Complete
10077	primary_cell_culture	Legionella pneumophila	1080311	prokaryotic cell	CL:0000520	prokaryotic cell	CL:0000520	Philadelphia-1_Lp02	not_reported	not_reported	not_reported	microscopy assay	EFO:0002909	unknown	unknown	normal	PATO:0000461	L. pneumophila JV7058	prokarya			Complete
10078	primary_cell_culture	Legionella pneumophila	1080311	prokaryotic cell	CL:0000520	prokaryotic cell	CL:0000520	Philadelphia-1_Lp02	not_reported	not_reported	not_reported	microscopy assay	EFO:0002909	unknown	unknown	normal	PATO:0000461	L. pneumophila JV7091	prokarya			Complete
10079	primary_cell_culture	Legionella pneumophila	1080311	prokaryotic cell	CL:0000520	prokaryotic cell	CL:0000520	Philadelphia-1_Lp02	not_reported	not_reported	not_reported	microscopy assay	EFO:0002909	unknown	unknown	normal	PATO:0000461	L. pneumophila JV7091_∆dotEP	prokarya			Complete
10080	primary_cell_culture	Legionella pneumophila	1080311	prokaryotic cell	CL:0000520	prokaryotic cell	CL:0000520	Philadelphia-1_Lp02	not_reported	not_reported	not_reported	microscopy assay	EFO:0002909	unknown	unknown	normal	PATO:0000461	L. pneumophila JV7967	prokarya			Complete
10081	primary_cell_culture	Legionella pneumophila	1080311	prokaryotic cell	CL:0000520	prokaryotic cell	CL:0000520	Philadelphia-1_Lp02	not_reported	not_reported	not_reported	microscopy assay	EFO:0002909	unknown	unknown	normal	PATO:0000461	L. pneumophila JV9082	prokarya			Complete
10082	primary_cell_culture	Legionella pneumophila	1080311	prokaryotic cell	CL:0000520	prokaryotic cell	CL:0000520	Philadelphia-1_Lp02	not_reported	not_reported	not_reported	microscopy assay	EFO:0002909	unknown	unknown	normal	PATO:0000461	L. pneumophila JV9082_Janelia42k	prokarya			Complete
10083	primary_cell_culture	Legionella pneumophila	1080311	prokaryotic cell	CL:0000520	prokaryotic cell	CL:0000520	Philadelphia-1_Lp02	not_reported	not_reported	not_reported	microscopy assay	EFO:0002909	unknown	unknown	normal	PATO:0000461	L. pneumophila JV9082_K3_janelia	prokarya			Complete
10084	primary_cell_culture	Legionella pneumophila	1080311	prokaryotic cell	CL:0000520	prokaryotic cell	CL:0000520	Philadelphia-1_Lp02	not_reported	not_reported	not_reported	microscopy assay	EFO:0002909	unknown	unknown	normal	PATO:0000461	L. pneumophila JV9114	prokarya			Complete
10085	primary_cell_culture	Legionella pneumophila	1080311	prokaryotic cell	CL:0000520	prokaryotic cell	CL:0000520	Philadelphia-1_Lp02	not_reported	not_reported	not_reported	microscopy assay	EFO:0002909	unknown	unknown	normal	PATO:0000461	L. pneumophila JV918 Legionella thyA ∆dotB	prokarya			Complete
10086	primary_cell_culture	Legionella pneumophila	1080311	prokaryotic cell	CL:0000520	prokaryotic cell	CL:0000520	Philadelphia-1_Lp02	not_reported	not_reported	not_reported	microscopy assay	EFO:0002909	unknown	unknown	normal	PATO:0000461	LCV_Legionella pneumophila	prokarya			Complete
10087	primary_cell_culture	Legionella pneumophila	1080311	prokaryotic cell	CL:0000520	prokaryotic cell	CL:0000520	Philadelphia-1_Lp02	not_reported	not_reported	not_reported	microscopy assay	EFO:0002909	unknown	unknown	normal	PATO:0000461	L. pneumophila Legionella IcmQ50::TevS 30C Off	prokarya			Complete
10088	primary_cell_culture	Legionella pneumophila	1080311	prokaryotic cell	CL:0000520	prokaryotic cell	CL:0000520	Philadelphia-1_Lp02	not_reported	not_reported	not_reported	microscopy assay	EFO:0002909	unknown	unknown	normal	PATO:0000461	L. pneumophila Legionella IcmQ50::TevS 42C_On	prokarya			Complete
10089	primary_cell_culture	Legionella pneumophila	1080311	prokaryotic cell	CL:0000520	prokaryotic cell	CL:0000520	Philadelphia-1_Lp02	not_reported	not_reported	not_reported	microscopy assay	EFO:0002909	unknown	unknown	normal	PATO:0000461	L. pneumophila Legionella IcmQ71::TevS 30C_Off	prokarya			Complete
10090	primary_cell_culture	Legionella pneumophila	1080311	prokaryotic cell	CL:0000520	prokaryotic cell	CL:0000520	Philadelphia-1_Lp02	not_reported	not_reported	not_reported	microscopy assay	EFO:0002909	unknown	unknown	normal	PATO:0000461	L. pneumophila Legionella IcmQ71::TevS 42C_On	prokarya			Complete
10091	primary_cell_culture	Legionella pneumophila	1080311	prokaryotic cell	CL:0000520	prokaryotic cell	CL:0000520	Philadelphia-1_Lp02	not_reported	not_reported	not_reported	microscopy assay	EFO:0002909	unknown	unknown	normal	PATO:0000461	L. pneumophila Legionella KS79 (WT), 42 C_On	prokarya			Complete
10092	primary_cell_culture	Legionella pneumophila	1080311	prokaryotic cell	CL:0000520	prokaryotic cell	CL:0000520	Philadelphia-1_Lp02	not_reported	not_reported	not_reported	microscopy assay	EFO:0002909	unknown	unknown	normal	PATO:0000461	L. pneumophila Legionella_delta-lspGHIJK	prokarya			Complete
10093	primary_cell_culture	Legionella pneumophila	1080311	prokaryotic cell	CL:0000520	prokaryotic cell	CL:0000520	Philadelphia-1_Lp02	not_reported	not_reported	not_reported	microscopy assay	EFO:0002909	unknown	unknown	normal	PATO:0000461	L. pneumophila Legionella_delta-lspHIJK	prokarya			Complete
10094	primary_cell_culture	Legionella pneumophila	1080311	prokaryotic cell	CL:0000520	prokaryotic cell	CL:0000520	Philadelphia-1_Lp02	not_reported	not_reported	not_reported	microscopy assay	EFO:0002909	unknown	unknown	normal	PATO:0000461	L. pneumophila Lp02 ∆lspDE	prokarya			Complete
10095	primary_cell_culture	Legionella pneumophila	1080311	prokaryotic cell	CL:0000520	prokaryotic cell	CL:0000520	Philadelphia-1_Lp02	not_reported	not_reported	not_reported	microscopy assay	EFO:0002909	unknown	unknown	normal	PATO:0000461	L. pneumophila Lp02 ∆pilQ	prokarya			Complete
10096	primary_cell_culture	Legionella pneumophila	1080311	prokaryotic cell	CL:0000520	prokaryotic cell	CL:0000520	Philadelphia-1_Lp02	not_reported	not_reported	not_reported	microscopy assay	EFO:0002909	unknown	unknown	normal	PATO:0000461	L. pneumophila Lp02-fixed	prokarya			Complete
10097	primary_cell_culture	Legionella pneumophila	1080311	prokaryotic cell	CL:0000520	prokaryotic cell	CL:0000520	Philadelphia-1_Lp02	not_reported	not_reported	not_reported	microscopy assay	EFO:0002909	unknown	unknown	normal	PATO:0000461	L. pneumophila Lp02_2nd	prokarya			Complete
10098	primary_cell_culture	Legionella pneumophila	1080311	prokaryotic cell	CL:0000520	prokaryotic cell	CL:0000520	Philadelphia-1_Lp02	not_reported	not_reported	not_reported	microscopy assay	EFO:0002909	unknown	unknown	normal	PATO:0000461	Lp02_Legionella pneumophila	prokarya			Complete
10099	primary_cell_culture	Halobacterium salinarum	64091	cell	CL:0000000	cell	CL:0000000	not_reported	not_reported	not_reported	not_reported	microscopy assay	EFO:0002909	unknown	unknown	normal	PATO:0000461	Halobacterium salinarum	archaea			Complete
10100	primary_cell_culture	Caulobacter crescentus	565050	prokaryotic cell	CL:0000520	prokaryotic cell	CL:0000520	NA1000	not_reported	not_reported	not_reported	microscopy assay	EFO:0002909	unknown	unknown	normal	PATO:0000461	caulobacter rs_deletion	prokarya			Complete
10101	primary_cell_culture	Proteus mirabilis	584	prokaryotic cell	CL:0000520	prokaryotic cell	CL:0000520	HI4320	not_reported	not_reported	not_reported	microscopy assay	EFO:0002909	unknown	unknown	normal	PATO:0000461	P. mirabilis Planktonic cell of Proteus	prokarya			Complete
10102	primary_cell_culture	Proteus mirabilis	584	prokaryotic cell	CL:0000520	prokaryotic cell	CL:0000520	HI4320	not_reported	not_reported	not_reported	microscopy assay	EFO:0002909	unknown	unknown	normal	PATO:0000461	Swarmer cell, long cell of Proteus mirabilis	prokarya			Complete
10103	virus	MLV	11786	not_reported	not_reported	not_reported	not_reported	not_reported	not_reported	virion component	GO:0044423	microscopy assay	EFO:0002909	unknown	unknown	normal	PATO:0000461	MLV 17.5	virus			Complete
10104	virus	MLV	11786	not_reported	not_reported	not_reported	not_reported	not_reported	not_reported	virion component	GO:0044423	microscopy assay	EFO:0002909	unknown	unknown	normal	PATO:0000461	MLV 43D	virus			Complete
10105	cell_line	Rattus norvegicus	10116	type B pancreatic cell	CL:0000169	type B pancreatic cell	CL:0000169	INS-1E	CVCL_0351	not_reported	not_reported	microscopy assay	EFO:0002909	unknown	unknown	non-human animal disease	MONDO:0005583	INS-1E PBC	eukarya			Complete
10106	cell_line	Rattus norvegicus	10116	type B pancreatic cell	CL:0000169	type B pancreatic cell	CL:0000169	INS-1E	CVCL_0351	not_reported	not_reported	microscopy assay	EFO:0002909	unknown	unknown	non-human animal disease	MONDO:0005583	INS-1E cells Insulin Crystals	eukarya			Complete
10107	cell_line	Rattus norvegicus	10116	type B pancreatic cell	CL:0000169	type B pancreatic cell	CL:0000169	INS-1E	CVCL_0351	not_reported	not_reported	microscopy assay	EFO:0002909	unknown	unknown	non-human animal disease	MONDO:0005583	INS-1E cells untransfected	eukarya			Complete
10108	cell_line	Rattus norvegicus	10116	type B pancreatic cell	CL:0000169	type B pancreatic cell	CL:0000169	INS-1E	CVCL_0351	not_reported	not_reported	microscopy assay	EFO:0002909	unknown	unknown	non-human animal disease	MONDO:0005583	cryo-FIB INS-1E	eukarya			Complete
10109	primary_cell_culture	Sulfolobus solfataricus	273057	cell	CL:0000000	cell	CL:0000000	P2	not_reported	not_reported	not_reported	microscopy assay	EFO:0002909	unknown	unknown	normal	PATO:0000461	Sulfolobus solf. p2 division	archaea			Complete
10110	primary_cell_culture	Sulfolobus solfataricus	273057	cell	CL:0000000	cell	CL:0000000	P2	not_reported	not_reported	not_reported	microscopy assay	EFO:0002909	unknown	unknown	normal	PATO:0000461	Sulfolobus solfac.P2	archaea			Complete
10111	primary_cell_culture	Sulfolobus solfataricus	273057	cell	CL:0000000	cell	CL:0000000	P2	not_reported	not_reported	not_reported	microscopy assay	EFO:0002909	unknown	unknown	normal	PATO:0000461	Sulfolobus solfac.P2 Active culture fixed	archaea			Complete
10112	primary_cell_culture	Sulfolobus solfataricus	273057	cell	CL:0000000	cell	CL:0000000	P2	not_reported	not_reported	not_reported	microscopy assay	EFO:0002909	unknown	unknown	disease	MONDO:0000001	Sulfolobus solfac.P2+STIV 10 hour Post infection	archaea			Complete
10113	primary_cell_culture	Sulfolobus solfataricus	273057	cell	CL:0000000	cell	CL:0000000	P2	not_reported	not_reported	not_reported	microscopy assay	EFO:0002909	unknown	unknown	disease	MONDO:0000001	Sulfolobus solfac.P2+STIV 2-4 hour Post infection	archaea			Complete
10114	primary_cell_culture	Sulfolobus solfataricus	273057	cell	CL:0000000	cell	CL:0000000	P2	not_reported	not_reported	not_reported	microscopy assay	EFO:0002909	unknown	unknown	disease	MONDO:0000001	Sulfolobus solfac.P2+STIV 24 hour Post infection	archaea			Complete
10115	primary_cell_culture	Sulfolobus acidocaldarius	2285	cell	CL:0000000	cell	CL:0000000	not_reported	not_reported	not_reported	not_reported	microscopy assay	EFO:0002909	unknown	unknown	normal	PATO:0000461	S. acidocaldarius Sulfolobus cells synchronized fo	archaea			Complete
10116	primary_cell_culture	Nitrosopumilus maritimus	338192	cell	CL:0000000	cell	CL:0000000	not_reported	not_reported	not_reported	not_reported	microscopy assay	EFO:0002909	unknown	unknown	normal	PATO:0000461	N. maritimus CDV-related cellular components	archaea			Complete
10117	primary_cell_culture	Nitrosopumilus maritimus	338192	cell	CL:0000000	cell	CL:0000000	not_reported	not_reported	not_reported	not_reported	microscopy assay	EFO:0002909	unknown	unknown	normal	PATO:0000461	N. maritimus ESCRt-related cellular components	archaea			Complete
10118	primary_cell_culture	Magnetospirillum magneticum	342108	prokaryotic cell	CL:0000520	prokaryotic cell	CL:0000520	deltaQ 167	not_reported	not_reported	not_reported	microscopy assay	EFO:0002909	unknown	unknown	normal	PATO:0000461	M. magneticum dK 203 0.5h induced	prokarya			Complete
10119	primary_cell_culture	Magnetospirillum magneticum	342108	prokaryotic cell	CL:0000520	prokaryotic cell	CL:0000520	deltaQ 167	not_reported	not_reported	not_reported	microscopy assay	EFO:0002909	unknown	unknown	normal	PATO:0000461	M. magneticum dK203 21h induced	prokarya			Complete
10120	primary_cell_culture	Magnetospirillum magneticum	342108	prokaryotic cell	CL:0000520	prokaryotic cell	CL:0000520	deltaQ 167	not_reported	not_reported	not_reported	microscopy assay	EFO:0002909	unknown	unknown	normal	PATO:0000461	M. magneticum dK203 5h induced	prokarya			Complete
10121	primary_cell_culture	Magnetospirillum magneticum	342108	prokaryotic cell	CL:0000520	prokaryotic cell	CL:0000520	deltaQ 167	not_reported	not_reported	not_reported	microscopy assay	EFO:0002909	unknown	unknown	normal	PATO:0000461	M. magneticum dK203 uninduced grown 2 days	prokarya			Complete
10122	primary_cell_culture	Magnetospirillum magneticum	342108	prokaryotic cell	CL:0000520	prokaryotic cell	CL:0000520	deltaQ 167	not_reported	not_reported	not_reported	microscopy assay	EFO:0002909	unknown	unknown	normal	PATO:0000461	M. magneticum dK203_3h_induced	prokarya			Complete
10123	primary_cell_culture	Magnetospirillum magneticum	342108	prokaryotic cell	CL:0000520	prokaryotic cell	CL:0000520	deltaQ 167	not_reported	not_reported	not_reported	microscopy assay	EFO:0002909	unknown	unknown	normal	PATO:0000461	M. magneticum dK203_8h_induced	prokarya			Complete
10124	primary_cell_culture	Magnetospirillum magneticum	342108	prokaryotic cell	CL:0000520	prokaryotic cell	CL:0000520	deltaQ 167	not_reported	not_reported	not_reported	microscopy assay	EFO:0002909	unknown	unknown	normal	PATO:0000461	M. magneticum dQ167 8h induced	prokarya			Complete
10125	primary_cell_culture	Magnetospirillum magneticum	342108	prokaryotic cell	CL:0000520	prokaryotic cell	CL:0000520	deltaQ 167	not_reported	not_reported	not_reported	microscopy assay	EFO:0002909	unknown	unknown	normal	PATO:0000461	M. magneticum dQ167_10h_induced	prokarya			Complete
10126	primary_cell_culture	Magnetospirillum magneticum	342108	prokaryotic cell	CL:0000520	prokaryotic cell	CL:0000520	deltaQ 167	not_reported	not_reported	not_reported	microscopy assay	EFO:0002909	unknown	unknown	normal	PATO:0000461	M. magneticum dQ167_14h_induced	prokarya			Complete
10127	primary_cell_culture	Magnetospirillum magneticum	342108	prokaryotic cell	CL:0000520	prokaryotic cell	CL:0000520	deltaQ 167	not_reported	not_reported	not_reported	microscopy assay	EFO:0002909	unknown	unknown	normal	PATO:0000461	M. magneticum dQ167_21h_induced	prokarya			Complete
10128	primary_cell_culture	Magnetospirillum magneticum	342108	prokaryotic cell	CL:0000520	prokaryotic cell	CL:0000520	deltaQ 167	not_reported	not_reported	not_reported	microscopy assay	EFO:0002909	unknown	unknown	normal	PATO:0000461	M. magneticum magnetosome induced t0.5	prokarya			Complete
10129	primary_cell_culture	Magnetospirillum magneticum	342108	prokaryotic cell	CL:0000520	prokaryotic cell	CL:0000520	deltaQ 167	not_reported	not_reported	not_reported	microscopy assay	EFO:0002909	unknown	unknown	normal	PATO:0000461	M. magneticum magnetosome induced t1	prokarya			Complete
10130	primary_cell_culture	Magnetospirillum magneticum	342108	prokaryotic cell	CL:0000520	prokaryotic cell	CL:0000520	deltaQ 167	not_reported	not_reported	not_reported	microscopy assay	EFO:0002909	unknown	unknown	normal	PATO:0000461	M. magneticum magnetosome induced t3	prokarya			Complete
10131	primary_cell_culture	Magnetospirillum magneticum	342108	prokaryotic cell	CL:0000520	prokaryotic cell	CL:0000520	deltaQ 167	not_reported	not_reported	not_reported	microscopy assay	EFO:0002909	unknown	unknown	normal	PATO:0000461	M. magneticum magnetosome induced t4	prokarya			Complete
10132	primary_cell_culture	Magnetospirillum magneticum	342108	prokaryotic cell	CL:0000520	prokaryotic cell	CL:0000520	deltaQ 167	not_reported	not_reported	not_reported	microscopy assay	EFO:0002909	unknown	unknown	normal	PATO:0000461	M. magneticum magnetosome induced t6	prokarya			Complete
10133	primary_cell_culture	Magnetospirillum magneticum	342108	prokaryotic cell	CL:0000520	prokaryotic cell	CL:0000520	deltaQ 167	not_reported	not_reported	not_reported	microscopy assay	EFO:0002909	unknown	unknown	normal	PATO:0000461	M. magneticum magnetosome uninduced t0	prokarya			Complete
10134	primary_cell_culture	Magnetospirillum magneticum	342108	prokaryotic cell	CL:0000520	prokaryotic cell	CL:0000520	deltaQ 167	not_reported	not_reported	not_reported	microscopy assay	EFO:0002909	unknown	unknown	normal	PATO:0000461	M. magneticum msgnetosome induced t5	prokarya			Complete
10135	primary_cell_culture	Magnetospirillum magneticum	342108	prokaryotic cell	CL:0000520	prokaryotic cell	CL:0000520	AMB-1	not_reported	not_reported	not_reported	microscopy assay	EFO:0002909	unknown	unknown	normal	PATO:0000461	M. magneticum dF small crystal mutant	prokarya			Complete
10136	primary_cell_culture	Magnetospirillum magneticum	342108	prokaryotic cell	CL:0000520	prokaryotic cell	CL:0000520	AMB-1	not_reported	not_reported	not_reported	microscopy assay	EFO:0002909	unknown	unknown	normal	PATO:0000461	M. magneticum island delete	prokarya			Complete
10137	primary_cell_culture	Magnetospirillum magneticum	342108	prokaryotic cell	CL:0000520	prokaryotic cell	CL:0000520	AMB-1	not_reported	not_reported	not_reported	microscopy assay	EFO:0002909	unknown	unknown	normal	PATO:0000461	M. magneticum wild type	prokarya			Complete
10138	primary_cell_culture	Helicobacter pylori	85962	prokaryotic cell	CL:0000520	prokaryotic cell	CL:0000520	26695	not_reported	not_reported	not_reported	microscopy assay	EFO:0002909	unknown	unknown	normal	PATO:0000461	H. pylori	prokarya			Complete
10139	primary_cell_culture	Helicobacter pylori	85962	prokaryotic cell	CL:0000520	prokaryotic cell	CL:0000520	26695	not_reported	not_reported	not_reported	microscopy assay	EFO:0002909	unknown	unknown	normal	PATO:0000461	H. pylori 26695	prokarya			Complete
10140	primary_cell_culture	Helicobacter pylori	85962	prokaryotic cell	CL:0000520	prokaryotic cell	CL:0000520	26695	not_reported	not_reported	not_reported	microscopy assay	EFO:0002909	unknown	unknown	normal	PATO:0000461	H. pylori 26695 / 20 nm gold-DNA	prokarya			Complete
10141	primary_cell_culture	Helicobacter pylori	85962	prokaryotic cell	CL:0000520	prokaryotic cell	CL:0000520	26695	not_reported	not_reported	not_reported	microscopy assay	EFO:0002909	unknown	unknown	normal	PATO:0000461	H. pylori 26695 / AGS	prokarya			Complete
10142	primary_cell_culture	Helicobacter pylori	85962	prokaryotic cell	CL:0000520	prokaryotic cell	CL:0000520	26695	not_reported	not_reported	not_reported	microscopy assay	EFO:0002909	unknown	unknown	normal	PATO:0000461	H. pylori 26695 / Hs.746T	prokarya			Complete
10143	primary_cell_culture	Helicobacter pylori	85962	prokaryotic cell	CL:0000520	prokaryotic cell	CL:0000520	26695	not_reported	not_reported	not_reported	microscopy assay	EFO:0002909	unknown	unknown	normal	PATO:0000461	H. pylori 26695 WT	prokarya			Complete
10144	primary_cell_culture	Helicobacter pylori	85962	prokaryotic cell	CL:0000520	prokaryotic cell	CL:0000520	26695	not_reported	not_reported	not_reported	microscopy assay	EFO:0002909	unknown	unknown	normal	PATO:0000461	H. pylori 26695 WT / AGS	prokarya			Complete
10145	primary_cell_culture	Helicobacter pylori	85962	prokaryotic cell	CL:0000520	prokaryotic cell	CL:0000520	26695	not_reported	not_reported	not_reported	microscopy assay	EFO:0002909	unknown	unknown	normal	PATO:0000461	H. pylori 26695 WT / AGS under iron-starved conditions	prokarya			Complete
10146	primary_cell_culture	Helicobacter pylori	85962	prokaryotic cell	CL:0000520	prokaryotic cell	CL:0000520	26695	not_reported	not_reported	not_reported	microscopy assay	EFO:0002909	unknown	unknown	normal	PATO:0000461	H. pylori 26695 delta-cagH / Hs.746T	prokarya			Complete
10147	primary_cell_culture	Helicobacter pylori	85962	prokaryotic cell	CL:0000520	prokaryotic cell	CL:0000520	26695	not_reported	not_reported	not_reported	microscopy assay	EFO:0002909	unknown	unknown	normal	PATO:0000461	H.pylori 26695 WT / AGS	prokarya			Complete
10148	primary_cell_culture	Helicobacter pylori	85962	prokaryotic cell	CL:0000520	prokaryotic cell	CL:0000520	26695	not_reported	not_reported	not_reported	microscopy assay	EFO:0002909	unknown	unknown	normal	PATO:0000461	H.pylori 26695 delta-PAI	prokarya			Complete
10149	primary_cell_culture	Helicobacter pylori	85962	prokaryotic cell	CL:0000520	prokaryotic cell	CL:0000520	26695	not_reported	not_reported	not_reported	microscopy assay	EFO:0002909	unknown	unknown	normal	PATO:0000461	H.pylori 26695 delta-PAI / AGS	prokarya			Complete
10150	primary_cell_culture	Helicobacter pylori	85962	prokaryotic cell	CL:0000520	prokaryotic cell	CL:0000520	26695	not_reported	not_reported	not_reported	microscopy assay	EFO:0002909	unknown	unknown	normal	PATO:0000461	H.pylori 26695 delta-cagA / AGS	prokarya			Complete
10151	primary_cell_culture	Helicobacter pylori	85962	prokaryotic cell	CL:0000520	prokaryotic cell	CL:0000520	26695	not_reported	not_reported	not_reported	microscopy assay	EFO:0002909	unknown	unknown	normal	PATO:0000461	H.pylori 26695 delta-cagH	prokarya			Complete
10152	primary_cell_culture	Helicobacter pylori	85962	prokaryotic cell	CL:0000520	prokaryotic cell	CL:0000520	26695	not_reported	not_reported	not_reported	microscopy assay	EFO:0002909	unknown	unknown	normal	PATO:0000461	H.pylori 26695 delta-cagH / AGS	prokarya			Complete
10153	primary_cell_culture	Helicobacter pylori	85962	prokaryotic cell	CL:0000520	prokaryotic cell	CL:0000520	26695	not_reported	not_reported	not_reported	microscopy assay	EFO:0002909	unknown	unknown	normal	PATO:0000461	H.pylori with treatment A	prokarya			Complete
10154	primary_cell_culture	Helicobacter pylori	85962	prokaryotic cell	CL:0000520	prokaryotic cell	CL:0000520	26695	not_reported	not_reported	not_reported	microscopy assay	EFO:0002909	unknown	unknown	normal	PATO:0000461	Helicobacter pylori 26695	prokarya			Complete
10155	primary_cell_culture	Bdellovibrio bacteriovorus	264462	prokaryotic cell	CL:0000520	prokaryotic cell	CL:0000520	HD100	not_reported	not_reported	not_reported	microscopy assay	EFO:0002909	unknown	unknown	normal	PATO:0000461	Bdellovibrio attack-phase	prokarya			Complete
10156	primary_cell_culture	Bdellovibrio bacteriovorus	264462	prokaryotic cell	CL:0000520	prokaryotic cell	CL:0000520	HD100	not_reported	not_reported	not_reported	microscopy assay	EFO:0002909	unknown	unknown	normal	PATO:0000461	Bdellovibrio/E. coli minicell	prokarya			Complete
10157	primary_cell_culture	Bdellovibrio bacteriovorus	264462	prokaryotic cell	CL:0000520	prokaryotic cell	CL:0000520	HD100	not_reported	not_reported	not_reported	microscopy assay	EFO:0002909	unknown	unknown	normal	PATO:0000461	Bdellovibrio/Vibrio cholerae	prokarya			Complete
10158	primary_cell_culture	Bdellovibrio bacteriovorus	264462	prokaryotic cell	CL:0000520	prokaryotic cell	CL:0000520	HD100	not_reported	not_reported	not_reported	microscopy assay	EFO:0002909	unknown	unknown	normal	PATO:0000461	Bdellovibrio2492/E.coli minicell	prokarya			Complete
10159	primary_cell_culture	Helicobacter pylori	563041	prokaryotic cell	CL:0000520	prokaryotic cell	CL:0000520	G27	not_reported	not_reported	not_reported	microscopy assay	EFO:0002909	unknown	unknown	normal	PATO:0000461	Helicobacter pylori G27	prokarya			Complete
10160	primary_cell_culture	Hylemonella gracilis	887062	prokaryotic cell	CL:0000520	prokaryotic cell	CL:0000520	ATCC 19624	not_reported	not_reported	not_reported	microscopy assay	EFO:0002909	unknown	unknown	normal	PATO:0000461	Hylemonella + Bdellovibrio	prokarya			Complete
10161	primary_cell_culture	Hylemonella gracilis	887062	prokaryotic cell	CL:0000520	prokaryotic cell	CL:0000520	ATCC 19624	not_reported	not_reported	not_reported	microscopy assay	EFO:0002909	unknown	unknown	normal	PATO:0000461	Hylemonella gracilis	prokarya			Complete
10162	primary_cell_culture	Hyphomonas neptunium	228405	prokaryotic cell	CL:0000520	prokaryotic cell	CL:0000520	ATCC 15444	not_reported	not_reported	not_reported	microscopy assay	EFO:0002909	unknown	unknown	normal	PATO:0000461	Hyphomonas	prokarya			Complete
10163	primary_cell_culture	Hyphomonas neptunium	228405	prokaryotic cell	CL:0000520	prokaryotic cell	CL:0000520	ATCC 15444	not_reported	not_reported	not_reported	microscopy assay	EFO:0002909	unknown	unknown	normal	PATO:0000461	Hyphomonas 'AR37'	prokarya			Complete
10164	primary_cell_culture	Hyphomonas neptunium	228405	prokaryotic cell	CL:0000520	prokaryotic cell	CL:0000520	ATCC 15444	not_reported	not_reported	not_reported	microscopy assay	EFO:0002909	unknown	unknown	normal	PATO:0000461	Hyphomonas 'AR43'	prokarya			Complete
10165	primary_cell_culture	Hyphomonas neptunium	228405	prokaryotic cell	CL:0000520	prokaryotic cell	CL:0000520	ATCC 15444	not_reported	not_reported	not_reported	microscopy assay	EFO:0002909	unknown	unknown	normal	PATO:0000461	Hyphomonas 'SW57'	prokarya			Complete
10166	primary_cell_culture	Hyphomonas neptunium	228405	prokaryotic cell	CL:0000520	prokaryotic cell	CL:0000520	ATCC 15444	not_reported	not_reported	not_reported	microscopy assay	EFO:0002909	unknown	unknown	normal	PATO:0000461	Hyphomonas AR46	prokarya			Complete
10167	primary_cell_culture	Caulobacter crescentus	565050	prokaryotic cell	CL:0000520	prokaryotic cell	CL:0000520	NA1000	not_reported	not_reported	not_reported	microscopy assay	EFO:0002909	unknown	unknown	normal	PATO:0000461	Caulobacter del-tipN	prokarya			Complete
10168	primary_cell_culture	Caulobacter crescentus	565050	prokaryotic cell	CL:0000520	prokaryotic cell	CL:0000520	NA1000	not_reported	not_reported	not_reported	microscopy assay	EFO:0002909	unknown	unknown	normal	PATO:0000461	Caulobacter del-tipN + Nal	prokarya			Complete
10169	cell_line	Homo sapiens	9606	T cell	CL:0000084	T cell	CL:0000084	Jurkat E6.1	CVCL_0367	not_reported	not_reported	microscopy assay	EFO:0002909	unknown	unknown	T-cell childhood acute lymphocytic leukemia	MONDO:0000871	Cryo-sectioned Jurkat	eukarya			Complete
10170	cell_line	Homo sapiens	9606	T cell	CL:0000084	T cell	CL:0000084	Jurkat E6.1	CVCL_0367	not_reported	not_reported	microscopy assay	EFO:0002909	unknown	unknown	T-cell childhood acute lymphocytic leukemia	MONDO:0000871	Cryo-sectioned Jurkat VSVG-pNL4GFP	eukarya			Complete
10171	cell_line	Homo sapiens	9606	T cell	CL:0000084	T cell	CL:0000084	Jurkat E6.1	CVCL_0367	not_reported	not_reported	microscopy assay	EFO:0002909	unknown	unknown	T-cell childhood acute lymphocytic leukemia	MONDO:0000871	Cryo-sectioned synchronized Jurkat	eukarya			Complete
10172	primary_cell_culture	Homo sapiens	9606	endothelial cell of umbilical vein	CL:0002618	endothelial cell of umbilical vein	CL:0002618	HUVEC-C	CVCL_2959	not_reported	not_reported	microscopy assay	EFO:0002909	newborn stage (0-28 days)	HsapDv:0000262	normal	PATO:0000461	HUVECs C157_2_NocsynchHela	eukarya			Complete
10173	primary_cell_culture	Homo sapiens	9606	endothelial cell of umbilical vein	CL:0002618	endothelial cell of umbilical vein	CL:0002618	HUVEC-C	CVCL_2960	not_reported	not_reported	microscopy assay	EFO:0002909	newborn stage (0-28 days)	HsapDv:0000263	HIV infectious disease	MONDO:0005109	C167_1_HUVECspNLBglI224hPI	eukarya			Complete
10174	primary_cell_culture	Homo sapiens	9606	endothelial cell of umbilical vein	CL:0002618	endothelial cell of umbilical vein	CL:0002618	HUVEC-C	CVCL_2961	not_reported	not_reported	microscopy assay	EFO:0002909	newborn stage (0-28 days)	HsapDv:0000264	HIV infectious disease	MONDO:0005109	HUVECs C65_HuvecspNL24h_11122012	eukarya			Complete
10175	primary_cell_culture	Homo sapiens	9606	endothelial cell of umbilical vein	CL:0002618	endothelial cell of umbilical vein	CL:0002618	HUVEC-C	CVCL_2962	not_reported	not_reported	microscopy assay	EFO:0002909	newborn stage (0-28 days)	HsapDv:0000265	normal	PATO:0000461	HUVECs	eukarya			Complete
10176	primary_cell_culture	Homo sapiens	9606	endothelial cell of umbilical vein	CL:0002618	endothelial cell of umbilical vein	CL:0002618	HUVEC-C	CVCL_2963	not_reported	not_reported	microscopy assay	EFO:0002909	newborn stage (0-28 days)	HsapDv:0000266	HIV infectious disease	MONDO:0005109	HUVECs 24H PI VSVGpNL4GFP	eukarya			Complete
10177	primary_cell_culture	Homo sapiens	9606	endothelial cell of umbilical vein	CL:0002618	endothelial cell of umbilical vein	CL:0002618	HUVEC-C	CVCL_2964	not_reported	not_reported	microscopy assay	EFO:0002909	newborn stage (0-28 days)	HsapDv:0000267	HIV infectious disease	MONDO:0005109	HUVECs 24h Infx pNLgfp	eukarya			Complete
10178	primary_cell_culture	Homo sapiens	9606	endothelial cell of umbilical vein	CL:0002618	endothelial cell of umbilical vein	CL:0002618	HUVEC-C	CVCL_2965	not_reported	not_reported	microscopy assay	EFO:0002909	newborn stage (0-28 days)	HsapDv:0000268	HIV infectious disease	MONDO:0005109	HUVECs 24h PI pNLBglI	eukarya			Complete
10179	primary_cell_culture	Homo sapiens	9606	endothelial cell of umbilical vein	CL:0002618	endothelial cell of umbilical vein	CL:0002618	HUVEC-C	CVCL_2966	not_reported	not_reported	microscopy assay	EFO:0002909	newborn stage (0-28 days)	HsapDv:0000269	normal	PATO:0000461	HUVECs CHMP4A+VPS4DN	eukarya			Complete
10180	primary_cell_culture	Homo sapiens	9606	endothelial cell of umbilical vein	CL:0002618	endothelial cell of umbilical vein	CL:0002618	HUVEC-C	CVCL_2967	not_reported	not_reported	microscopy assay	EFO:0002909	newborn stage (0-28 days)	HsapDv:0000270	HIV infectious disease	MONDO:0005109	HUVECs VPS4DN+pNLGFP	eukarya			Complete
10181	primary_cell_culture	Homo sapiens	9606	endothelial cell of umbilical vein	CL:0002618	endothelial cell of umbilical vein	CL:0002618	HUVEC-C	CVCL_2968	not_reported	not_reported	microscopy assay	EFO:0002909	newborn stage (0-28 days)	HsapDv:0000271	HIV infectious disease	MONDO:0005109	HUVECs infected w/ pNLGFP	eukarya			Complete
10182	primary_cell_culture	Homo sapiens	9606	endothelial cell of umbilical vein	CL:0002618	endothelial cell of umbilical vein	CL:0002618	HUVEC-C	CVCL_2969	not_reported	not_reported	microscopy assay	EFO:0002909	newborn stage (0-28 days)	HsapDv:0000272	HIV infectious disease	MONDO:0005109	HUVECs infx pNLBg1I	eukarya			Complete
10183	primary_cell_culture	Homo sapiens	9606	endothelial cell of umbilical vein	CL:0002618	endothelial cell of umbilical vein	CL:0002618	HUVEC-C	CVCL_2970	not_reported	not_reported	microscopy assay	EFO:0002909	newborn stage (0-28 days)	HsapDv:0000273	HIV infectious disease	MONDO:0005109	HUVECs infx pNLBg1I_endptvirus	eukarya			Complete
10184	primary_cell_culture	Homo sapiens	9606	endothelial cell of umbilical vein	CL:0002618	endothelial cell of umbilical vein	CL:0002618	HUVEC-C	CVCL_2971	not_reported	not_reported	microscopy assay	EFO:0002909	newborn stage (0-28 days)	HsapDv:0000274	HIV infectious disease	MONDO:0005109	HUVECs infx pNLGFP	eukarya			Complete
10185	primary_cell_culture	Homo sapiens	9606	endothelial cell of umbilical vein	CL:0002618	endothelial cell of umbilical vein	CL:0002618	HUVEC-C	CVCL_2972	not_reported	not_reported	microscopy assay	EFO:0002909	newborn stage (0-28 days)	HsapDv:0000275	HIV infectious disease	MONDO:0005109	HUVECs infx pNLGFPBglI	eukarya			Complete
10186	primary_cell_culture	Homo sapiens	9606	endothelial cell of umbilical vein	CL:0002618	endothelial cell of umbilical vein	CL:0002618	HUVEC-C	CVCL_2973	not_reported	not_reported	microscopy assay	EFO:0002909	newborn stage (0-28 days)	HsapDv:0000276	HIV infectious disease	MONDO:0005109	HUVECs-pNLGFP-VPS4DN	eukarya			Complete
10187	primary_cell_culture	Homo sapiens	9606	endothelial cell of umbilical vein	CL:0002618	endothelial cell of umbilical vein	CL:0002618	HUVEC-C	CVCL_2974	not_reported	not_reported	microscopy assay	EFO:0002909	newborn stage (0-28 days)	HsapDv:0000277	HIV infectious disease	MONDO:0005109	VSVGpNL4GFP entry HUVECs	eukarya			Complete
10188	primary_cell_culture	Homo sapiens	9606	endothelial cell of umbilical vein	CL:0002618	endothelial cell of umbilical vein	CL:0002618	HUVEC-C	CVCL_2975	not_reported	not_reported	microscopy assay	EFO:0002909	newborn stage (0-28 days)	HsapDv:0000278	HIV infectious disease	MONDO:0005109	HUVECs pNL_Huvecs_PI	eukarya			Complete
10189	primary_cell_culture	Escherichia coli	562	prokaryotic cell	CL:0000520	prokaryotic cell	CL:0000520	not_reported	not_reported	not_reported	not_reported	microscopy assay	EFO:0002909	unknown	unknown	normal	PATO:0000461	E. coli (FB76)	prokarya			Complete
10190	primary_cell_culture	Escherichia coli	562	prokaryotic cell	CL:0000520	prokaryotic cell	CL:0000520	not_reported	not_reported	not_reported	not_reported	microscopy assay	EFO:0002909	unknown	unknown	normal	PATO:0000461	E. coli (pLE6, 20 um IPTG)	prokarya			Complete
10191	primary_cell_culture	Escherichia coli	562	prokaryotic cell	CL:0000520	prokaryotic cell	CL:0000520	not_reported	not_reported	not_reported	not_reported	microscopy assay	EFO:0002909	unknown	unknown	normal	PATO:0000461	E. coli (pLE7, 20 uM IPTG)	prokarya			Complete
10192	primary_cell_culture	Escherichia coli	562	prokaryotic cell	CL:0000520	prokaryotic cell	CL:0000520	not_reported	not_reported	not_reported	not_reported	microscopy assay	EFO:0002909	unknown	unknown	normal	PATO:0000461	E. coli pLE6	prokarya			Complete
10193	primary_cell_culture	Escherichia coli	562	prokaryotic cell	CL:0000520	prokaryotic cell	CL:0000520	not_reported	not_reported	not_reported	not_reported	microscopy assay	EFO:0002909	unknown	unknown	normal	PATO:0000461	E. coli pLE7_1mM_IPTG	prokarya			Complete
10194	primary_cell_culture	Vibrio cholerae	666	prokaryotic cell	CL:0000520	prokaryotic cell	CL:0000520	TRH7000	not_reported	not_reported	not_reported	microscopy assay	EFO:0002909	unknown	unknown	normal	PATO:0000461	Vibrio cholerae (GFP-MreB)	prokarya			Complete
10195	primary_cell_culture	Vibrio cholerae	666	prokaryotic cell	CL:0000520	prokaryotic cell	CL:0000520	TRH7000	not_reported	not_reported	not_reported	microscopy assay	EFO:0002909	unknown	unknown	normal	PATO:0000461	Vibrio cholerae (No IPTG)	prokarya			Complete
10196	primary_cell_culture	Vibrio cholerae	666	prokaryotic cell	CL:0000520	prokaryotic cell	CL:0000520	TRH7000	not_reported	not_reported	not_reported	microscopy assay	EFO:0002909	unknown	unknown	normal	PATO:0000461	Vibrio cholerae (WT w/plasmid)	prokarya			Complete
10197	primary_cell_culture	Vibrio cholerae	412614	prokaryotic cell	CL:0000520	prokaryotic cell	CL:0000520	2740-80	not_reported	not_reported	not_reported	microscopy assay	EFO:0002909	unknown	unknown	normal	PATO:0000461	V. cholerae	prokarya			Complete
10198	primary_cell_culture	Vibrio fischeri	312309	prokaryotic cell	CL:0000520	prokaryotic cell	CL:0000520	ES114	not_reported	not_reported	not_reported	microscopy assay	EFO:0002909	unknown	unknown	normal	PATO:0000461	Vibrio fischeri WT flagella	prokarya			Complete
10199	primary_cell_culture	Vibrio fischeri	312309	prokaryotic cell	CL:0000520	prokaryotic cell	CL:0000520	ES114	not_reported	not_reported	not_reported	microscopy assay	EFO:0002909	unknown	unknown	normal	PATO:0000461	Vibrio fischeri flgO-deletion flagella	prokarya			Complete
10200	primary_cell_culture	Vibrio fischeri	312309	prokaryotic cell	CL:0000520	prokaryotic cell	CL:0000520	ES114	not_reported	not_reported	not_reported	microscopy assay	EFO:0002909	unknown	unknown	normal	PATO:0000461	Vibrio fischeri flgP-deletion flagella	prokarya			Complete
10201	primary_cell_culture	Campylobacter jejuni	407148	prokaryotic cell	CL:0000520	prokaryotic cell	CL:0000520	subsp. jejuni 81116	not_reported	not_reported	not_reported	microscopy assay	EFO:0002909	unknown	unknown	normal	PATO:0000461	Campylobacter jejuni	prokarya			Complete
10202	primary_cell_culture	Campylobacter jejuni	407148	prokaryotic cell	CL:0000520	prokaryotic cell	CL:0000520	subsp. jejuni 81116	not_reported	not_reported	not_reported	microscopy assay	EFO:0002909	unknown	unknown	normal	PATO:0000461	Auto-reconstruct 0	prokarya			Complete
10203	primary_cell_culture	Campylobacter jejuni	407148	prokaryotic cell	CL:0000520	prokaryotic cell	CL:0000520	subsp. jejuni 81116	not_reported	not_reported	not_reported	microscopy assay	EFO:0002909	unknown	unknown	normal	PATO:0000461	Campy FhlAc deletion mutant	prokarya			Complete
10204	primary_cell_culture	Campylobacter jejuni	407148	prokaryotic cell	CL:0000520	prokaryotic cell	CL:0000520	subsp. jejuni 81116	not_reported	not_reported	not_reported	microscopy assay	EFO:0002909	unknown	unknown	normal	PATO:0000461	Campy FlhA(c) truncation	prokarya			Complete
10205	primary_cell_culture	Campylobacter jejuni	407148	prokaryotic cell	CL:0000520	prokaryotic cell	CL:0000520	subsp. jejuni 81116	not_reported	not_reported	not_reported	microscopy assay	EFO:0002909	unknown	unknown	normal	PATO:0000461	Campy Titan Krios dataset	prokarya			Complete
10206	primary_cell_culture	Campylobacter jejuni	407148	prokaryotic cell	CL:0000520	prokaryotic cell	CL:0000520	subsp. jejuni 81116	not_reported	not_reported	not_reported	microscopy assay	EFO:0002909	unknown	unknown	normal	PATO:0000461	Campy cjj0413	prokarya			Complete
10207	primary_cell_culture	Campylobacter jejuni	407148	prokaryotic cell	CL:0000520	prokaryotic cell	CL:0000520	subsp. jejuni 81116	not_reported	not_reported	not_reported	microscopy assay	EFO:0002909	unknown	unknown	normal	PATO:0000461	Campy cjj0413 deletions	prokarya			Complete
10208	primary_cell_culture	Campylobacter jejuni	407148	prokaryotic cell	CL:0000520	prokaryotic cell	CL:0000520	subsp. jejuni 81116	not_reported	not_reported	not_reported	microscopy assay	EFO:0002909	unknown	unknown	normal	PATO:0000461	Campy flhAc	prokarya			Complete
10209	primary_cell_culture	Campylobacter jejuni	407148	prokaryotic cell	CL:0000520	prokaryotic cell	CL:0000520	subsp. jejuni 81116	not_reported	not_reported	not_reported	microscopy assay	EFO:0002909	unknown	unknown	normal	PATO:0000461	Campy flhBc cells	prokarya			Complete
10210	primary_cell_culture	Campylobacter jejuni	407148	prokaryotic cell	CL:0000520	prokaryotic cell	CL:0000520	subsp. jejuni 81116	not_reported	not_reported	not_reported	microscopy assay	EFO:0002909	unknown	unknown	normal	PATO:0000461	Campy motA deletion mutant	prokarya			Complete
10211	primary_cell_culture	Campylobacter jejuni	407148	prokaryotic cell	CL:0000520	prokaryotic cell	CL:0000520	subsp. jejuni 81116	not_reported	not_reported	not_reported	microscopy assay	EFO:0002909	unknown	unknown	normal	PATO:0000461	Campy motB deletion	prokarya			Complete
10212	primary_cell_culture	Campylobacter jejuni	407148	prokaryotic cell	CL:0000520	prokaryotic cell	CL:0000520	subsp. jejuni 81116	not_reported	not_reported	not_reported	microscopy assay	EFO:0002909	unknown	unknown	normal	PATO:0000461	Campy motB mutant	prokarya			Complete
10213	primary_cell_culture	Campylobacter jejuni	407148	prokaryotic cell	CL:0000520	prokaryotic cell	CL:0000520	subsp. jejuni 81116	not_reported	not_reported	not_reported	microscopy assay	EFO:0002909	unknown	unknown	normal	PATO:0000461	Campylobacter cjj0840 cells	prokarya			Complete
10214	primary_cell_culture	Campylobacter jejuni	407148	prokaryotic cell	CL:0000520	prokaryotic cell	CL:0000520	subsp. jejuni 81116	not_reported	not_reported	not_reported	microscopy assay	EFO:0002909	unknown	unknown	normal	PATO:0000461	Campylobacter cjj0996 cells	prokarya			Complete
10215	primary_cell_culture	Campylobacter jejuni	407148	prokaryotic cell	CL:0000520	prokaryotic cell	CL:0000520	subsp. jejuni 81116	not_reported	not_reported	not_reported	microscopy assay	EFO:0002909	unknown	unknown	normal	PATO:0000461	High magnification tomograms of whole FlgP mutant Campylobacter cells	prokarya			Complete
10216	primary_cell_culture	Campylobacter jejuni	407148	prokaryotic cell	CL:0000520	prokaryotic cell	CL:0000520	subsp. jejuni 81116	not_reported	not_reported	not_reported	microscopy assay	EFO:0002909	unknown	unknown	normal	PATO:0000461	High magnification tomograms of whole FlgQ mutant Campylobacter cells	prokarya			Complete
10217	primary_cell_culture	Campylobacter jejuni	407148	prokaryotic cell	CL:0000520	prokaryotic cell	CL:0000520	subsp. jejuni 81116	not_reported	not_reported	not_reported	microscopy assay	EFO:0002909	unknown	unknown	normal	PATO:0000461	High magnification tomograms of whole PflA mutant Campylobacter cells	prokarya			Complete
10218	primary_cell_culture	Campylobacter jejuni	407148	prokaryotic cell	CL:0000520	prokaryotic cell	CL:0000520	subsp. jejuni 81116	not_reported	not_reported	not_reported	microscopy assay	EFO:0002909	unknown	unknown	normal	PATO:0000461	High magnification tomograms of whole WT Campylobacter cells	prokarya			Complete
10219	primary_cell_culture	Campylobacter jejuni	407148	prokaryotic cell	CL:0000520	prokaryotic cell	CL:0000520	subsp. jejuni 81116	not_reported	not_reported	not_reported	microscopy assay	EFO:0002909	unknown	unknown	normal	PATO:0000461	Medium magnification tomograms of fliI knockout Campylobacter cells	prokarya			Complete
10220	primary_cell_culture	Campylobacter jejuni	407148	prokaryotic cell	CL:0000520	prokaryotic cell	CL:0000520	subsp. jejuni 81116	not_reported	not_reported	not_reported	microscopy assay	EFO:0002909	unknown	unknown	normal	PATO:0000461	Medium magnification tomograms of whole FlgP mutant Campylobacter cells	prokarya			Complete
10221	primary_cell_culture	Campylobacter jejuni	407148	prokaryotic cell	CL:0000520	prokaryotic cell	CL:0000520	subsp. jejuni 81116	not_reported	not_reported	not_reported	microscopy assay	EFO:0002909	unknown	unknown	normal	PATO:0000461	Medium magnification tomograms of whole FlgQ mutant Campylobacter cells	prokarya			Complete
10222	primary_cell_culture	Campylobacter jejuni	407148	prokaryotic cell	CL:0000520	prokaryotic cell	CL:0000520	subsp. jejuni 81116	not_reported	not_reported	not_reported	microscopy assay	EFO:0002909	unknown	unknown	normal	PATO:0000461	Medium magnification tomograms of whole WT Campylobacter cells	prokarya			Complete
10223	primary_cell_culture	Campylobacter jejuni	407148	prokaryotic cell	CL:0000520	prokaryotic cell	CL:0000520	subsp. jejuni 81116	not_reported	not_reported	not_reported	microscopy assay	EFO:0002909	unknown	unknown	normal	PATO:0000461	flgP deletion Campy cells	prokarya			Complete
10224	primary_cell_culture	Campylobacter jejuni	407148	prokaryotic cell	CL:0000520	prokaryotic cell	CL:0000520	subsp. jejuni 81116	not_reported	not_reported	not_reported	microscopy assay	EFO:0002909	unknown	unknown	normal	PATO:0000461	flgP deletion Campy mutants	prokarya			Complete
10225	primary_cell_culture	Salmonella typhimurium	99287	prokaryotic cell	CL:0000520	prokaryotic cell	CL:0000520	serovar Typhimurium str. LT2	not_reported	not_reported	not_reported	microscopy assay	EFO:0002909	unknown	unknown	normal	PATO:0000461	S. typhimurium	prokarya			Complete
10226	primary_cell_culture	Salmonella typhimurium	99287	prokaryotic cell	CL:0000520	prokaryotic cell	CL:0000520	serovar Typhimurium str. LT2	not_reported	not_reported	not_reported	microscopy assay	EFO:0002909	unknown	unknown	normal	PATO:0000461	S. typhimurium  FliL deletion (plus T3SS)	prokarya			Complete
10227	primary_cell_culture	Salmonella typhimurium	99287	prokaryotic cell	CL:0000520	prokaryotic cell	CL:0000520	serovar Typhimurium str. LT2	not_reported	not_reported	not_reported	microscopy assay	EFO:0002909	unknown	unknown	normal	PATO:0000461	Salmonella fliHIJ knockout minicells	prokarya			Complete
10228	primary_cell_culture	Salmonella typhimurium	99287	prokaryotic cell	CL:0000520	prokaryotic cell	CL:0000520	serovar Typhimurium str. LT2	not_reported	not_reported	not_reported	microscopy assay	EFO:0002909	unknown	unknown	normal	PATO:0000461	Salmonella fliL knockout minicells	prokarya			Complete
10229	primary_cell_culture	Salmonella typhimurium	99287	prokaryotic cell	CL:0000520	prokaryotic cell	CL:0000520	serovar Typhimurium str. LT2	not_reported	not_reported	not_reported	microscopy assay	EFO:0002909	unknown	unknown	normal	PATO:0000461	Salmonella fliL minicells with T3SS	prokarya			Complete
10230	primary_cell_culture	Salmonella typhimurium	99287	prokaryotic cell	CL:0000520	prokaryotic cell	CL:0000520	serovar Typhimurium str. LT2	not_reported	not_reported	not_reported	microscopy assay	EFO:0002909	unknown	unknown	normal	PATO:0000461	Salmonella fliL-mutant minicells	prokarya			Complete
10231	primary_cell_culture	Salmonella typhimurium	99287	prokaryotic cell	CL:0000520	prokaryotic cell	CL:0000520	serovar Typhimurium str. LT2	not_reported	not_reported	not_reported	microscopy assay	EFO:0002909	unknown	unknown	normal	PATO:0000461	Salmonella fliS knockout minicells	prokarya			Complete
10232	primary_cell_culture	Salmonella typhimurium	99287	prokaryotic cell	CL:0000520	prokaryotic cell	CL:0000520	serovar Typhimurium str. LT2	not_reported	not_reported	not_reported	microscopy assay	EFO:0002909	unknown	unknown	normal	PATO:0000461	S. typhimurium  Salomella rabbit ears: 15min penicillin treatment with MgSO4	prokarya			Complete
10233	primary_cell_culture	Salmonella typhimurium	99287	prokaryotic cell	CL:0000520	prokaryotic cell	CL:0000520	serovar Typhimurium str. LT2	not_reported	not_reported	not_reported	microscopy assay	EFO:0002909	unknown	unknown	normal	PATO:0000461	S. typhimurium  Salomella rabbit ears: 30min penicillin treatment with sucrose and MgSO4	prokarya			Complete
10234	primary_cell_culture	Salmonella typhimurium	99287	prokaryotic cell	CL:0000520	prokaryotic cell	CL:0000520	serovar Typhimurium str. LT2	not_reported	not_reported	not_reported	microscopy assay	EFO:0002909	unknown	unknown	normal	PATO:0000461	S. typhimurium  Salomella rabbit ears: 45min penicillin treatment with sucrose and MgSO4	prokarya			Complete
10235	primary_cell_culture	Salmonella typhimurium	99287	prokaryotic cell	CL:0000520	prokaryotic cell	CL:0000520	serovar Typhimurium str. LT2	not_reported	not_reported	not_reported	microscopy assay	EFO:0002909	unknown	unknown	normal	PATO:0000461	S. typhimurium  T3SS minicells	prokarya			Complete
10236	primary_cell_culture	Salmonella typhimurium	99287	prokaryotic cell	CL:0000520	prokaryotic cell	CL:0000520	serovar Typhimurium str. LT2	not_reported	not_reported	not_reported	microscopy assay	EFO:0002909	unknown	unknown	normal	PATO:0000461	Test run of Salmonella rabbit ears	prokarya			Complete
10237	primary_cell_culture	Salmonella typhimurium	99287	prokaryotic cell	CL:0000520	prokaryotic cell	CL:0000520	serovar Typhimurium str. LT2	not_reported	not_reported	not_reported	microscopy assay	EFO:0002909	unknown	unknown	normal	PATO:0000461	WT Salmonella minicell-producing strain	prokarya			Complete
10238	primary_cell_culture	Salmonella typhimurium	99287	prokaryotic cell	CL:0000520	prokaryotic cell	CL:0000520	serovar Typhimurium str. LT2	not_reported	not_reported	not_reported	microscopy assay	EFO:0002909	unknown	unknown	normal	PATO:0000461	WT Salmonella minicell-producing strain 17261, 5hr growth	prokarya			Complete
10239	primary_cell_culture	Salmonella typhimurium	99287	prokaryotic cell	CL:0000520	prokaryotic cell	CL:0000520	serovar Typhimurium str. LT2	not_reported	not_reported	not_reported	microscopy assay	EFO:0002909	unknown	unknown	normal	PATO:0000461	WT Salmonella minicell-producing strain, 5x conc.	prokarya			Complete
10240	primary_cell_culture	Salmonella typhimurium	99287	prokaryotic cell	CL:0000520	prokaryotic cell	CL:0000520	serovar Typhimurium str. LT2	not_reported	not_reported	not_reported	microscopy assay	EFO:0002909	unknown	unknown	normal	PATO:0000461	WT Salmonella minicells	prokarya			Complete
10241	primary_cell_culture	Salmonella typhimurium	99287	prokaryotic cell	CL:0000520	prokaryotic cell	CL:0000520	serovar Typhimurium str. LT2	not_reported	not_reported	not_reported	microscopy assay	EFO:0002909	unknown	unknown	normal	PATO:0000461	Salmonella minicells for fliL flagella, and T3SS.	prokarya			Complete
10242	primary_cell_culture	Spiroplasma melliferum	2134	prokaryotic cell	CL:0000520	prokaryotic cell	CL:0000520	not_reported	not_reported	not_reported	not_reported	microscopy assay	EFO:0002909	unknown	unknown	normal	PATO:0000461	Spiroplasma melliferum	prokarya			Complete
10243	primary_cell_culture	Streptococcus pneumoniae	1313	prokaryotic cell	CL:0000520	prokaryotic cell	CL:0000520	not_reported	not_reported	not_reported	not_reported	microscopy assay	EFO:0002909	unknown	unknown	normal	PATO:0000461	Streptococcus pneumonia SP_0107 hydroalse over expression	prokarya			Complete
10244	primary_cell_culture	Streptococcus pneumoniae	1313	prokaryotic cell	CL:0000520	prokaryotic cell	CL:0000520	not_reported	not_reported	not_reported	not_reported	microscopy assay	EFO:0002909	unknown	unknown	normal	PATO:0000461	Streptococcus pneumonia deletion strain	prokarya			Complete
10245	primary_cell_culture	Streptococcus pneumoniae	1313	prokaryotic cell	CL:0000520	prokaryotic cell	CL:0000520	not_reported	not_reported	not_reported	not_reported	microscopy assay	EFO:0002909	unknown	unknown	normal	PATO:0000461	Streptococcus pneumonia wt	prokarya			Complete
10246	primary_cell_culture	Bacillus subtilis	224308	prokaryotic cell	CL:0000520	prokaryotic cell	CL:0000520	subsp. subtilis str. 168	not_reported	not_reported	not_reported	microscopy assay	EFO:0002909	unknown	unknown	normal	PATO:0000461	Bsubtilis_ponA_sacculi	prokarya			Complete
10247	primary_cell_culture	Bacillus subtilis	224308	prokaryotic cell	CL:0000520	prokaryotic cell	CL:0000520	subsp. subtilis str. 168	not_reported	not_reported	not_reported	microscopy assay	EFO:0002909	unknown	unknown	normal	PATO:0000461	Bsubtilis_wildtype_168_sacculi	prokarya			Complete
10248	primary_cell_culture	Bacillus subtilis	224308	prokaryotic cell	CL:0000520	prokaryotic cell	CL:0000520	subsp. subtilis str. 168	not_reported	not_reported	not_reported	microscopy assay	EFO:0002909	unknown	unknown	normal	PATO:0000461	wild type B. subtilis	prokarya			Complete
10249	primary_cell_culture	Bacillus subtilis	224308	prokaryotic cell	CL:0000520	prokaryotic cell	CL:0000520	subsp. subtilis str. 168	not_reported	not_reported	not_reported	microscopy assay	EFO:0002909	unknown	unknown	normal	PATO:0000461	wt B. subtilis sacculi	prokarya			Complete
10250	primary_cell_culture	Treponema primitia	545694	prokaryotic cell	CL:0000520	prokaryotic cell	CL:0000520	ZAS-2	not_reported	not_reported	not_reported	microscopy assay	EFO:0002909	unknown	unknown	normal	PATO:0000461	T. primitia lysozyme	prokarya			Complete
10251	primary_cell_culture	Treponema primitia	545694	prokaryotic cell	CL:0000520	prokaryotic cell	CL:0000520	ZAS-2	not_reported	not_reported	not_reported	microscopy assay	EFO:0002909	unknown	unknown	normal	PATO:0000461	T. primitia no OM	prokarya			Complete
10252	primary_cell_culture	Treponema primitia	545694	prokaryotic cell	CL:0000520	prokaryotic cell	CL:0000520	ZAS-2	not_reported	not_reported	not_reported	microscopy assay	EFO:0002909	unknown	unknown	normal	PATO:0000461	T. primitia proteinase K	prokarya			Complete
10253	primary_cell_culture	Mycoplasma pneumoniae	2104	prokaryotic cell	CL:0000520	prokaryotic cell	CL:0000520	not_reported	not_reported	not_reported	not_reported	microscopy assay	EFO:0002909	unknown	unknown	normal	PATO:0000461	M. pneumoniae P41	prokarya			Complete
10254	primary_cell_culture	Mycoplasma pneumoniae	2104	prokaryotic cell	CL:0000520	prokaryotic cell	CL:0000520	not_reported	not_reported	not_reported	not_reported	microscopy assay	EFO:0002909	unknown	unknown	normal	PATO:0000461	M. pneumoniae P41 + P24 cat	prokarya			Complete
10255	primary_cell_culture	Mycoplasma pneumoniae	2104	prokaryotic cell	CL:0000520	prokaryotic cell	CL:0000520	not_reported	not_reported	not_reported	not_reported	microscopy assay	EFO:0002909	unknown	unknown	normal	PATO:0000461	M. pneumoniae P41 + P41/P24 cat	prokarya			Complete
10256	primary_cell_culture	Mycoplasma pneumoniae	2104	prokaryotic cell	CL:0000520	prokaryotic cell	CL:0000520	not_reported	not_reported	not_reported	not_reported	microscopy assay	EFO:0002909	unknown	unknown	normal	PATO:0000461	M. pneumoniae P41+P24	prokarya			Complete
10257	primary_cell_culture	Mycoplasma pneumoniae	2104	prokaryotic cell	CL:0000520	prokaryotic cell	CL:0000520	not_reported	not_reported	not_reported	not_reported	microscopy assay	EFO:0002909	unknown	unknown	normal	PATO:0000461	M. pneumoniae P41+P41	prokarya			Complete
10258	primary_cell_culture	Mycoplasma pneumoniae	2104	prokaryotic cell	CL:0000520	prokaryotic cell	CL:0000520	not_reported	not_reported	not_reported	not_reported	microscopy assay	EFO:0002909	unknown	unknown	normal	PATO:0000461	M. pneumoniae PrKC+MPN248	prokarya			Complete
10259	primary_cell_culture	Mycoplasma pneumoniae	2104	prokaryotic cell	CL:0000520	prokaryotic cell	CL:0000520	not_reported	not_reported	not_reported	not_reported	microscopy assay	EFO:0002909	unknown	unknown	normal	PATO:0000461	M. pneumoniae TopJ+MPN119	prokarya			Complete
10260	primary_cell_culture	Vibrio harveyi	669	prokaryotic cell	CL:0000520	prokaryotic cell	CL:0000520	not_reported	not_reported	not_reported	not_reported	microscopy assay	EFO:0002909	unknown	unknown	normal	PATO:0000461	V. harveyi LuxQ OE	prokarya			Complete
10261	primary_cell_culture	Vibrio harveyi	669	prokaryotic cell	CL:0000520	prokaryotic cell	CL:0000520	not_reported	not_reported	not_reported	not_reported	microscopy assay	EFO:0002909	unknown	unknown	normal	PATO:0000461	Vibrio harveyi	prokarya			Complete
10262	primary_cell_culture	Thermococcus kodakarensis	69014	cell	CL:0000000	cell	CL:0000000	not_reported	not_reported	not_reported	not_reported	microscopy assay	EFO:0002909	unknown	unknown	normal	PATO:0000461	Thermococcus kodakarensis	archaea			Complete
10263	primary_cell_culture	Vibrio cholerae	686	prokaryotic cell	CL:0000520	prokaryotic cell	CL:0000520	O1 biovar El Tor	not_reported	not_reported	not_reported	microscopy assay	EFO:0002909	unknown	unknown	normal	PATO:0000461	V. cholerae delta CheA1,2,3	prokarya			Complete
10264	primary_cell_culture	Vibrio cholerae	686	prokaryotic cell	CL:0000520	prokaryotic cell	CL:0000520	O1 biovar El Tor	not_reported	not_reported	not_reported	microscopy assay	EFO:0002909	unknown	unknown	normal	PATO:0000461	V. cholerae deltaVC1403	prokarya			Complete
10265	primary_cell_culture	Vibrio cholerae	686	prokaryotic cell	CL:0000520	prokaryotic cell	CL:0000520	O1 biovar El Tor	not_reported	not_reported	not_reported	microscopy assay	EFO:0002909	unknown	unknown	normal	PATO:0000461	Vibrio CheWCheWCheA knockout	prokarya			Complete
10266	primary_cell_culture	Vibrio cholerae	686	prokaryotic cell	CL:0000520	prokaryotic cell	CL:0000520	O1 biovar El Tor	not_reported	not_reported	not_reported	microscopy assay	EFO:0002909	unknown	unknown	normal	PATO:0000461	Vibrio DeltaVC1403	prokarya			Complete
10267	primary_cell_culture	Vibrio cholerae	686	prokaryotic cell	CL:0000520	prokaryotic cell	CL:0000520	O1 biovar El Tor	not_reported	not_reported	not_reported	microscopy assay	EFO:0002909	unknown	unknown	normal	PATO:0000461	Vibrio PM15	prokarya			Complete
10268	primary_cell_culture	Vibrio cholerae	686	prokaryotic cell	CL:0000520	prokaryotic cell	CL:0000520	O1 biovar El Tor	not_reported	not_reported	not_reported	microscopy assay	EFO:0002909	unknown	unknown	normal	PATO:0000461	Vibrio Yi-Wei style	prokarya			Complete
10269	primary_cell_culture	Vibrio cholerae	686	prokaryotic cell	CL:0000520	prokaryotic cell	CL:0000520	O1 biovar El Tor	not_reported	not_reported	not_reported	microscopy assay	EFO:0002909	unknown	unknown	normal	PATO:0000461	Vibrio cholerae C6706 ∆lacZ	prokarya			Complete
10270	primary_cell_culture	Vibrio cholerae	686	prokaryotic cell	CL:0000520	prokaryotic cell	CL:0000520	O1 biovar El Tor	not_reported	not_reported	not_reported	microscopy assay	EFO:0002909	unknown	unknown	normal	PATO:0000461	Vibrio cholerae PM16	prokarya			Complete
10271	primary_cell_culture	Vibrio cholerae	686	prokaryotic cell	CL:0000520	prokaryotic cell	CL:0000520	O1 biovar El Tor	not_reported	not_reported	not_reported	microscopy assay	EFO:0002909	unknown	unknown	normal	PATO:0000461	Vibrio cholerae PM18	prokarya			Complete
10272	primary_cell_culture	Vibrio cholerae	686	prokaryotic cell	CL:0000520	prokaryotic cell	CL:0000520	O1 biovar El Tor	not_reported	not_reported	not_reported	microscopy assay	EFO:0002909	unknown	unknown	normal	PATO:0000461	Vibrio cholerae PM5	prokarya			Complete
10273	primary_cell_culture	Vibrio cholerae	686	prokaryotic cell	CL:0000520	prokaryotic cell	CL:0000520	O1 biovar El Tor	not_reported	not_reported	not_reported	microscopy assay	EFO:0002909	unknown	unknown	normal	PATO:0000461	Vibrio cholerae PM6	prokarya			Complete
10274	primary_cell_culture	Vibrio cholerae	686	prokaryotic cell	CL:0000520	prokaryotic cell	CL:0000520	O1 biovar El Tor	not_reported	not_reported	not_reported	microscopy assay	EFO:0002909	unknown	unknown	normal	PATO:0000461	Vibrio delta-CheA1	prokarya			Complete
10275	primary_cell_culture	Vibrio cholerae	686	prokaryotic cell	CL:0000520	prokaryotic cell	CL:0000520	O1 biovar El Tor	not_reported	not_reported	not_reported	microscopy assay	EFO:0002909	unknown	unknown	normal	PATO:0000461	Vibrio delta-CheA3	prokarya			Complete
10276	primary_cell_culture	Vibrio cholerae	686	prokaryotic cell	CL:0000520	prokaryotic cell	CL:0000520	O1 biovar El Tor	not_reported	not_reported	not_reported	microscopy assay	EFO:0002909	unknown	unknown	normal	PATO:0000461	Vibrio deltaCheA2	prokarya			Complete
10277	primary_cell_culture	Vibrio cholerae	686	prokaryotic cell	CL:0000520	prokaryotic cell	CL:0000520	O1 biovar El Tor	not_reported	not_reported	not_reported	microscopy assay	EFO:0002909	unknown	unknown	normal	PATO:0000461	Vibrio deltaVCA1092	prokarya			Complete
10278	primary_cell_culture	Pseudomonas aeruginosa	287	prokaryotic cell	CL:0000520	prokaryotic cell	CL:0000520	not_reported	not_reported	not_reported	not_reported	microscopy assay	EFO:0002909	unknown	unknown	normal	PATO:0000461	P. aeruginosa PAO1 Wild Type	prokarya			Complete
10279	primary_cell_culture	Pseudomonas aeruginosa	287	prokaryotic cell	CL:0000520	prokaryotic cell	CL:0000520	not_reported	not_reported	not_reported	not_reported	microscopy assay	EFO:0002909	unknown	unknown	normal	PATO:0000461	P. aeruginosa PAOI delta aer2	prokarya			Complete
10280	primary_cell_culture	Pseudomonas aeruginosa	287	prokaryotic cell	CL:0000520	prokaryotic cell	CL:0000520	not_reported	not_reported	not_reported	not_reported	microscopy assay	EFO:0002909	unknown	unknown	normal	PATO:0000461	P. aeruginosa PAOI delta aer2 pJN105-aer2	prokarya			Complete
10281	primary_cell_culture	Pseudomonas aeruginosa	287	prokaryotic cell	CL:0000520	prokaryotic cell	CL:0000520	not_reported	not_reported	not_reported	not_reported	microscopy assay	EFO:0002909	unknown	unknown	normal	PATO:0000461	P. aeruginosa PW1305	prokarya			Complete
10282	primary_cell_culture	Pseudomonas aeruginosa	287	prokaryotic cell	CL:0000520	prokaryotic cell	CL:0000520	not_reported	not_reported	not_reported	not_reported	microscopy assay	EFO:0002909	unknown	unknown	normal	PATO:0000461	P. aeruginosa PW1307	prokarya			Complete
10283	primary_cell_culture	Pseudomonas aeruginosa	287	prokaryotic cell	CL:0000520	prokaryotic cell	CL:0000520	not_reported	not_reported	not_reported	not_reported	microscopy assay	EFO:0002909	unknown	unknown	normal	PATO:0000461	P. aeruginosa PW1312	prokarya			Complete
10284	primary_cell_culture	Pseudomonas aeruginosa	287	prokaryotic cell	CL:0000520	prokaryotic cell	CL:0000520	not_reported	not_reported	not_reported	not_reported	microscopy assay	EFO:0002909	unknown	unknown	normal	PATO:0000461	P. aeruginosa PW3654	prokarya			Complete
10285	primary_cell_culture	Pseudomonas aeruginosa	287	prokaryotic cell	CL:0000520	prokaryotic cell	CL:0000520	not_reported	not_reported	not_reported	not_reported	microscopy assay	EFO:0002909	unknown	unknown	normal	PATO:0000461	Pseudomonas aeruginosa PAO1	prokarya			Complete
10286	primary_cell_culture	Pseudomonas aeruginosa	287	prokaryotic cell	CL:0000520	prokaryotic cell	CL:0000520	not_reported	not_reported	not_reported	not_reported	microscopy assay	EFO:0002909	unknown	unknown	normal	PATO:0000461	Pseudomonas full length aer2	prokarya			Complete
10287	primary_cell_culture	Helicobacter hepaticus	235279	prokaryotic cell	CL:0000520	prokaryotic cell	CL:0000520	ATCC 51449	not_reported	not_reported	not_reported	microscopy assay	EFO:0002909	unknown	unknown	normal	PATO:0000461	H.hepaticus	prokarya			Complete
10288	organelle	Homo sapiens	9606	not_reported	not_reported	not_reported	not_reported	not_reported	not_reported	ESCRT III complex	GO:0000815	microscopy assay	EFO:0002909	unknown	unknown	normal	PATO:0000461	CHMP1B tubes	eukarya			Complete
10289	primary_cell_culture	Mycoplasma pneumoniae	2104	prokaryotic cell	CL:0000520	prokaryotic cell	CL:0000520	not_reported	not_reported	not_reported	not_reported	microscopy assay	EFO:0002909	unknown	unknown	normal	PATO:0000461	M. pneumoniae MP C1 27.5KX	prokarya			Complete
10290	primary_cell_culture	Mycoplasma pneumoniae	2104	prokaryotic cell	CL:0000520	prokaryotic cell	CL:0000520	not_reported	not_reported	not_reported	not_reported	microscopy assay	EFO:0002909	unknown	unknown	normal	PATO:0000461	M. pneumoniae MP HMW3 27.5KX	prokarya			Complete
10291	primary_cell_culture	Mycoplasma pneumoniae	2104	prokaryotic cell	CL:0000520	prokaryotic cell	CL:0000520	not_reported	not_reported	not_reported	not_reported	microscopy assay	EFO:0002909	unknown	unknown	normal	PATO:0000461	M. pneumoniae MP II3 27.5KX	prokarya			Complete
10292	primary_cell_culture	Mycoplasma pneumoniae	2104	prokaryotic cell	CL:0000520	prokaryotic cell	CL:0000520	not_reported	not_reported	not_reported	not_reported	microscopy assay	EFO:0002909	unknown	unknown	normal	PATO:0000461	M. pneumoniae MP III4 27.5KX	prokarya			Complete
10293	primary_cell_culture	Mycoplasma pneumoniae	2104	prokaryotic cell	CL:0000520	prokaryotic cell	CL:0000520	not_reported	not_reported	not_reported	not_reported	microscopy assay	EFO:0002909	unknown	unknown	normal	PATO:0000461	M. pneumoniae MP M6 27.5KX	prokarya			Complete
10294	primary_cell_culture	Mycoplasma pneumoniae	2104	prokaryotic cell	CL:0000520	prokaryotic cell	CL:0000520	not_reported	not_reported	not_reported	not_reported	microscopy assay	EFO:0002909	unknown	unknown	normal	PATO:0000461	M. pneumoniae MP P200 27.5KX	prokarya			Complete
10295	primary_cell_culture	Mycoplasma pneumoniae	2104	prokaryotic cell	CL:0000520	prokaryotic cell	CL:0000520	not_reported	not_reported	not_reported	not_reported	microscopy assay	EFO:0002909	unknown	unknown	normal	PATO:0000461	M. pneumoniae MP P41 27.5KX	prokarya			Complete
10296	primary_cell_culture	Mycoplasma pneumoniae	2104	prokaryotic cell	CL:0000520	prokaryotic cell	CL:0000520	not_reported	not_reported	not_reported	not_reported	microscopy assay	EFO:0002909	unknown	unknown	normal	PATO:0000461	M. pneumoniae MP PrkC 27.5KX	prokarya			Complete
10297	primary_cell_culture	Mycoplasma pneumoniae	2104	prokaryotic cell	CL:0000520	prokaryotic cell	CL:0000520	not_reported	not_reported	not_reported	not_reported	microscopy assay	EFO:0002909	unknown	unknown	normal	PATO:0000461	M. pneumoniae MP PrpC 27.5KX	prokarya			Complete
10298	primary_cell_culture	Mycoplasma pneumoniae	2104	prokaryotic cell	CL:0000520	prokaryotic cell	CL:0000520	not_reported	not_reported	not_reported	not_reported	microscopy assay	EFO:0002909	unknown	unknown	normal	PATO:0000461	M. pneumoniae MP TopJ 27.5KX	prokarya			Complete
10299	primary_cell_culture	Mycoplasma pneumoniae	2104	prokaryotic cell	CL:0000520	prokaryotic cell	CL:0000520	not_reported	not_reported	not_reported	not_reported	microscopy assay	EFO:0002909	unknown	unknown	normal	PATO:0000461	M. pneumoniae MP wt 27.5KX	prokarya			Complete
10300	primary_cell_culture	Caulobacter crescentus	565050	prokaryotic cell	CL:0000520	prokaryotic cell	CL:0000520	NA1000	not_reported	not_reported	not_reported	microscopy assay	EFO:0002909	unknown	unknown	normal	PATO:0000461	C. crescentus Calubactor EB session22 27.5KX	prokarya			Complete
10301	primary_cell_culture	Chlamydomonas reinhardtii	3055	eukaryotic cell	CL:0000254	eukaryotic cell	CL:0000254	mat3-4	CC-3994	not_reported	not_reported	microscopy assay	EFO:0002909	unknown	unknown	normal	PATO:0000461	In situ cryo-ET dataset of Chlamydomonas reinhardtii prepared using cryo-plasmaFIB milling	eukarya			Complete
10302	primary_cell_culture	Chlamydomonas reinhardtii	3055	eukaryotic cell	CL:0000254	eukaryotic cell	CL:0000254	mat3-4	CC-3994	not_reported	not_reported	microscopy assay	EFO:0002909	unknown	unknown	normal	PATO:0000461	In situ cryo-ET dataset of Chlamydomonas reinhardtii prepared using cryo-plasmaFIB milling - Full Dataset	eukarya			Complete
10426	organelle	Homo sapiens	9606	tongue squamous epithelium	UBERON:0006919	tongue squamous epithelium	UBERON:0006919	HSC-3	CVCL_1288	plasma membrane	GO:0005886	microscopy assay	EFO:0002909	unknown	unknown	tongue squamous cell carcinoma	MONDO:0000500	Plasma membranes isolated by unroofing - Grid 01	eukarya	CVCL_1288	HSC-3	Complete
10427	organelle	Homo sapiens	9606	tongue squamous epithelium	UBERON:0006920	tongue squamous epithelium	UBERON:0006919	HSC-3	CVCL_1288	plasma membrane	GO:0005886	microscopy assay	EFO:0002909	unknown	unknown	tongue squamous cell carcinoma	MONDO:0000500	Plasma membranes isolated by unroofing - Grid 02	eukarya	CVCL_1288	HSC-3	Complete
10428	organelle	Homo sapiens	9606	tongue squamous epithelium	UBERON:0006921	tongue squamous epithelium	UBERON:0006919	HSC-3	CVCL_1288	plasma membrane	GO:0005886	microscopy assay	EFO:0002909	unknown	unknown	tongue squamous cell carcinoma	MONDO:0000500	Plasma membranes isolated by unroofing - Grid 03	eukarya	CVCL_1288	HSC-3	Complete
10429	organelle	Homo sapiens	9606	tongue squamous epithelium	UBERON:0006922	tongue squamous epithelium	UBERON:0006919	HSC-3	CVCL_1288	plasma membrane	GO:0005886	microscopy assay	EFO:0002909	unknown	unknown	tongue squamous cell carcinoma	MONDO:0000500	Plasma membranes isolated by unroofing - Grid 04	eukarya	CVCL_1288	HSC-3	Complete
10430	organelle	Homo sapiens	9606	kidney epithelial cell	CL:0002518	kidney epithelial cell	CL:0002518	HEK293	CVCL_0045	plasma membrane	GO:0005886	microscopy assay	EFO:0002909	unknown	unknown	normal	PATO:0000461	Plasma membranes isolated by unroofing - Grid 05	eukarya	CVCL_0045	HEK293	Complete
10431	organelle	Homo sapiens	9606	kidney epithelial cell	CL:0002518	kidney epithelial cell	CL:0002518	HEK293	CVCL_0045	plasma membrane	GO:0005886	microscopy assay	EFO:0002909	unknown	unknown	normal	PATO:0000461	Plasma membranes isolated by unroofing - Grid 06	eukarya	CVCL_0045	HEK293	Complete
10432	organelle	Homo sapiens	9606	kidney epithelial cell	CL:0002518	kidney epithelial cell	CL:0002518	HEK293	CVCL_0045	plasma membrane	GO:0005886	microscopy assay	EFO:0002909	unknown	unknown	normal	PATO:0000461	Plasma membranes isolated by unroofing - Grid 07	eukarya	CVCL_0045	HEK293	Complete
10433	organelle	Homo sapiens	9606	kidney epithelial cell	CL:0002518	kidney epithelial cell	CL:0002518	HEK293	CVCL_0045	plasma membrane	GO:0005886	microscopy assay	EFO:0002909	unknown	unknown	normal	PATO:0000461	Plasma membranes isolated by unroofing - Grid 08	eukarya	CVCL_0045	HEK293	Complete
10434	organelle	Homo sapiens	9606	kidney epithelial cell	CL:0002518	kidney epithelial cell	CL:0002518	HEK293	CVCL_0045	plasma membrane	GO:0005886	microscopy assay	EFO:0002909	unknown	unknown	normal	PATO:0000461	Plasma membranes isolated by unroofing - Grid 09	eukarya	CVCL_0045	HEK293	Complete
10435	organelle	Homo sapiens	9606	kidney epithelial cell	CL:0002518	kidney epithelial cell	CL:0002518	HEK293	CVCL_0045	plasma membrane	GO:0005886	microscopy assay	EFO:0002909	unknown	unknown	normal	PATO:0000461	Plasma membranes isolated by unroofing - Grid 10	eukarya	CVCL_0045	HEK293	Complete
10436	primary_cell_culture	Encephalitozoon intestinalis	58839	fungal spore	CL:0002369	fungal spore	CL:0002369	ATCC-50506	not_reported	not_reported	not_reported	microscopy assay	EFO:0002909	unknown	unknown	normal	PATO:0000461	Cryo-ET datasets (1 and 2) of dormant microporidian spores from Encephalitozoon intestinalis	eukarya			Complete
10437	primary_cell_culture	Encephalitozoon intestinalis	58839	fungal spore	CL:0002369	fungal spore	CL:0002369	ATCC-50506	not_reported	not_reported	not_reported	microscopy assay	EFO:0002909	unknown	unknown	normal	PATO:0000461	Cryo-ET dataset (3) of dormant microporidian spores from Encephalitozoon intestinalis	eukarya			Complete
10438	primary_cell_culture	Encephalitozoon hellem	27973	fungal spore	CL:0002369	fungal spore	CL:0002369	ATCC-50504	not_reported	not_reported	not_reported	microscopy assay	EFO:0002909	unknown	unknown	normal	PATO:0000461	Cryo-ET dataset of dormant microporidian spores from Encephalitozoon hellem	eukarya			Complete
10439	in_silico	not_reported		not_reported	not_reported	not_reported	not_reported	not_reported	not_reported	not_reported	not_reported	microscopy assay	EFO:0002909	unknown	unknown	normal	PATO:0000461	CZ Imaging Institute simulated dataset 1	unknown			Not Complete
10440	in_vitro	On Portal: not_reported On MDR: Homo Sapiens, Bos taurus, Equus caballus, Escherichia coli, Ipomoea batatas	On Portal: None On MDR: 9606, 9913, 9796, 562, 4120	anatomical structure	UBERON:0000061	not_reported	not_reported	not_reported	not_reported	not_reported	not_reported	microscopy assay	EFO:0002909	unknown	unknown	normal	PATO:0000461	CZII - CryoET Object Identification Challenge - Experimental Training Data	unknown			Complete
10441	in_silico	not_reported		not_reported	not_reported	not_reported	not_reported	not_reported	not_reported	not_reported	not_reported	microscopy assay	EFO:0002909	unknown	unknown	normal	PATO:0000461	CZII - CryoET Object Identification Challenge - Simulated Training Data	unknown			Not Complete
10442	primary_cell_culture	Mycoplasma mycoides subsp. capri str. GM12	436113	prokaryotic cell	CL:0000520	prokaryotic cell	CL:0000520	JCVI-syn3A	not_reported	not_reported	not_reported	microscopy assay	EFO:0002909	unknown	unknown	normal	PATO:0000461	CryoET of near-minimal cells Mycoplasma mycoides JCVI-Syn3A for the development of subtomogram averaging pipelines	prokarya			Complete
10443	tissue	Sprague Dawley Rat	10116	hippocampus	UBERON:0002421	hippocampus	UBERON:0002421	not_reported	not_reported	not_reported	not_reported	microscopy assay	EFO:0002909	prime adult stage	UBERON:0018241	normal	PATO:0000461	Synaptosomes from rat hippocampi (200 mg, no centrifugation, Cu grid, low tilt range, 1:100)	eukarya			Complete
10444	organelle	Homo sapiens	9606	kidney epithelial cell	CL:0002518	kidney epithelial cell	CL:0002518	HEK293	CVCL_0045	lysosome	GO:0005764	microscopy assay	EFO:0002909	unknown	unknown	normal	PATO:0000461	Affinity-Captured Endo-/Lysosomes	eukarya			Complete
10445	in_vitro	On Portal: not_reported On MDR: Homo Sapiens, Bos taurus, Equus caballus, Escherichia coli, Ipomoea batatas	On Portal: None On MDR: 9606, 9913, 9796, 562, 4120	anatomical structure	UBERON:0000061	not_reported	not_reported	not_reported	not_reported	not_reported	not_reported	microscopy assay	EFO:0002909	unknown	unknown	normal	PATO:0000461	CZII - CryoET Object Identification Challenge - Public Test Dataset	unknown			Complete
10446	in_vitro	On Portal: not_reported On MDR: Homo Sapiens, Bos taurus, Equus caballus, Escherichia coli, Ipomoea batatas	On Portal: None On MDR: 9606, 9913, 9796, 562, 4120	anatomical structure	UBERON:0000061	not_reported	not_reported	not_reported	not_reported	not_reported	not_reported	microscopy assay	EFO:0002909	unknown	unknown	normal	PATO:0000461	CZII - CryoET Object Identification Challenge - Private Test Dataset	unknown			Complete
10447	tissue	Sprague Dawley Rat	10116	hippocampus	UBERON:0002421	hippocampus	UBERON:0002421	not_reported	not_reported	not_reported	not_reported	microscopy assay	EFO:0002909	prime adult stage	UBERON:0018241	normal	PATO:0000461	Synaptosomes from rat hippocampi (200 mg, no centrifugation, Cu grid, low tilt range, 1:50)	eukarya			Complete
10448	tissue	Sprague Dawley Rat	10116	hippocampus	UBERON:0002421	hippocampus	UBERON:0002421	not_reported	not_reported	not_reported	not_reported	microscopy assay	EFO:0002909	prime adult stage	UBERON:0018241	normal	PATO:0000461	Synaptosomes from rat hippocampi (180 mg, 800 rpm, Au grid, high tilt range, 1:50)	eukarya			Complete
10449	tissue	Sprague Dawley Rat	10116	hippocampus	UBERON:0002421	hippocampus	UBERON:0002421	not_reported	not_reported	not_reported	not_reported	microscopy assay	EFO:0002909	prime adult stage	UBERON:0018241	normal	PATO:0000461	Synaptosomes from rat hippocampi (180 mg, 800 rpm, Au grid, low tilt range, 1:50)	eukarya			Complete
10450	tissue	Sprague Dawley Rat	10116	hippocampus	UBERON:0002421	hippocampus	UBERON:0002421	not_reported	not_reported	not_reported	not_reported	microscopy assay	EFO:0002909	prime adult stage	UBERON:0018241	normal	PATO:0000461	Synaptosomes from rat hippocampi (10 wk rat, 180 mg, 600 rpm, Au grid, low tilt range, 1:10)	eukarya			Complete
10451	tissue	Sprague Dawley Rat	10116	hippocampus	UBERON:0002421	hippocampus	UBERON:0002421	not_reported	not_reported	not_reported	not_reported	microscopy assay	EFO:0002909	prime adult stage	UBERON:0018241	normal	PATO:0000461	Synaptosomes from rat hippocampi (10 wk rat, 180 mg, 800 rpm, Au grid, low tilt range, 1:10)	eukarya			Complete